Workbook

Sheet Business
A1: Country | B1: Plant | C1: Type | D1: Products | E1: Environmental Performance
E2: Raw Material | F2: Production | G2: Energy | I2: Air | M2: Water | O2: Waste
G3: Thermal | H3: Electricity | I3: Dust | J3: SOx | K3: NOx | L3: GHG | M3: Withdrawal | N3: Recycled
A4: Indonesia | B4: SJW | C4: Production | D4: Cement | E4: Yes | F4: Yes | G4: Yes | H4: Yes | I4: Yes | J4: Yes | K4: Yes | L4: Yes | M4: Yes | N4: Yes | O4: Yes
A5: Indonesia | B5: SLCI | C5: Production | D5: Concrete Lightweight | E5: Yes | F5: Yes | G5: Yes | H5: Yes | I5: Yes | J5: Yes | K5: Yes | L5: Yes | M5: Yes | N5: Yes | O5: Yes
A6: Indonesia | B6: SICP | C6: Production | D6: Fibercement Roof | E6: Yes | F6: Yes | G6: Yes | H6: Yes | I6: Yes | J6: Yes | K6: Yes | L6: Yes | M6: Yes | N6: Yes | O6: Yes
A7: Indonesia | B7: SIGI | C7: Production | D7: Gypsum | E7: Yes | F7: Yes | G7: Yes | H7: Yes | I7: Yes | J7: Yes | K7: Yes | L7: Yes | M7: Yes | N7: Yes | O7: Yes
A8: Indonesia | B8: SRMI | C8: Production | D8: Concrete Ready Mix | E8: Yes | F8: Yes | G8: Yes | H8: Yes | I8: No | J8: No | K8: No | L8: Yes | M8: Yes | N8: Yes | O8: Yes
A9: Indonesia | B9: SPPI | C9: Production | D9: Concrete Precast | E9: Yes | F9: Yes | G9: Yes | H9: Yes | I9: No | J9: No | K9: No | L9: Yes | M9: Yes | N9: Yes | O9: Yes
A10: Indonesia | B10: KIA | C10: Production | D10: Ceramics | E10: Yes | F10: Yes | G10: Yes | H10: Yes | I10: Yes | J10: Yes | K10: Yes | L10: Yes | M10: Yes | N10: Yes | O10: Yes
A11: Indonesia | B11: SSK | C11: Production | D11: Ceramics | E11: Yes | F11: Yes | G11: Yes | H11: Yes | I11: Yes | J11: Yes | K11: Yes | L11: Yes | M11: Yes | N11: Yes | O11: Yes
A12: Indonesia | B12: KOKOH | C12: Logistic | D12: - | E12: - | F12: - | G12: - | H12: - | I12: - | J12: - | K12: - | L12: - | M12: - | N12: - | O12: -
A13: Indonesia | B13: Tambang Semen Sukabumi | C13: Quarry (SJW) | D13: - | E13: - | F13: - | G13: - | H13: - | I13: - | J13: - | K13: - | L13: - | M13: - | N13: - | O13: -
A14: Indonesia | B14: Semen Lebak | C14: Quarry (SJW) | D14: - | E14: - | F14: - | G14: - | H14: - | I14: - | J14: - | K14: - | L14: - | M14: - | N14: - | O14: -
A15: Indonesia | B15: Pion Quarry Nusantara | C15: Quarry (SRMI) | D15: - | E15: - | F15: - | G15: - | H15: - | I15: - | J15: - | K15: - | L15: - | M15: - | N15: - | O15: -
... A36: Philippines | B36: SMP | C36: Office | D36: - | E36: - | F36: - | G36: - | H36: - | I36: - | J36: - | K36: - | L36: - | M36: - | N36: - | O36: -

Sheet Scope
A2: Raw Materials
A3: Product Group | B3: Limestone | C3: Clay | D3: Sand | E3: Gypsum | F3: Laterite | G3: Cement | H3: Feldspar | I3: Aggregate | J3: Pottery Stone | K3: Frit | L3: Recycled Mat | M3: Others | N3: Shale | O3: Pyrophillyte | P3: Limestone Powder
A4: Cement | B4: Yes | C4: Yes | D4: Yes | E4: Yes | F4: Yes | G4: No | H4: No | I4: No | J4: No | K4: No | L4: -Synthesis Gypsum -Slag -Fly Ash (PHA) | M4: Yes | N4: Yes | O4: Yes | P4: Yes
A5: Concrete Ready Mix | B5: Yes | C5: No | D5: Yes | E5: No | F5: No | G5: Yes | H5: No | I5: Yes | J5: No | K5: No | L5: -Fly Ash (PHA) -Recycle Aggregate | M5: Yes | N5: No | O5: No | P5: No
A6: Concrete Precast | B6: Yes | C6: No | D6: Yes | E6: No | F6: No | G6: Yes | H6: No | I6: Yes | J6: No | K6: No | L6: Yes | M6: Yes | N6: No | O6: No | P6: No
A7: Concrete Roof | B7: Yes | C7: No | D7: Yes | E7: No | F7: No | G7: Yes | H7: No | I7: No | J7: No | K7: No | L7: No | M7: Yes | N7: No | O7: No | P7: No
A8: Concrete Lightweight | B8: Yes | C8: No | D8: Yes | E8: Yes | F8: No | G8: Yes | H8: No | I8: No | J8: No | K8: No | L8: No | M8: Yes | N8: No | O8: No | P8: No
A9: Fibercement Roof | B9: Yes | C9: No | D9: No | E9: No | F9: No | G9: Yes | H9: No | I9: No | J9: No | K9: No | L9: No | M9: Yes | N9: No | O9: No | P9: No
A10: Ceramics | B10: Yes | C10: Yes | D10: No | E10: Yes | F10: No | G10: No | H10: Yes | I10: No | J10: No | K10: Yes | L10: Yes | M10: Yes | N10: No | O10: No | P10: No
A11: Gypsum | B11: No | C11: No | D11: No | E11: Yes | F11: No | G11: No | H11: No | I11: No | J11: No | K11: No | L11: No | M11: Yes | N11: No | O11: No | P11: No
B13: Hazardous Waste | G13: Non Hazardous Waste
A14: Product Group | B14: Contaminated Cloth | C14: Used oil | D14: Package contaminated (Used paint can) | E14: Electronic equipment (light bulb/ battery) | F14: Insulation | G14: Process Waste | H14: Sludge | I14: Paper packaging | J14: Plastic packaging, (Wrap, Bigbag) | K14: Wooden Packaging (Pallet) | L14: Matelic Packaging | M14: Rubber | N14: Refractory
A15: Cement | B15: Yes | C15: Yes | D15: Yes | E15: Yes | F15: Yes | G15: Testing Concrete | H15: From wastewater treatment | I15: Yes | J15: Yes | K15: Yes | L15: Yes | M15: Yes | N15: Yes
A16: Concrete Ready Mix | B16: Yes | C16: Yes | D16: No | E16: No | F16: No | G16: Slump | H16: No | I16: No | J16: No | K16: No | L16: No | M16: No | N16: No
A17: Concrete Precast | B17: Yes | C17: Yes | D17: No | E17: No | F17: No | G17: Reject | H17: No | I17: No | J17: No | K17: No | L17: No | M17: No | N17: No
A18: Concrete Roof | B18: Yes | C18: Yes | D18: Yes | E18: Yes | F18: No | G18: Reject | H18: Yes | I18: Yes | J18: Yes | K18: Yes | L18: Yes | M18: No | N18: No
A19: Concrete Lightweight | B19: Yes | C19: Yes | D19: Yes | E19: Yes | F19: No | G19: Reject | H19: No | I19: Yes | J19: Yes | K19: Yes | L19: Yes | M19: Yes | N19: No
A20: Fibercement Roof | B20: Yes | C20: Yes | D20: Yes | E20: Yes | F20: No | G20: Reject | H20: Yes | I20: Yes | J20: Yes | K20: Yes | L20: Yes | M20: No | N20: No
A21: Ceramics | B21: Yes | C21: Yes | D21: Yes | E21: Yes | F21: Yes | G21: Reject | H21: Yes | I21: Yes | J21: Yes | K21: Yes | L21: Yes | M21: Yes | N21: Yes
A22: Gypsum | B22: Yes | C22: Yes | D22: Yes | E22: Yes | F22: No | G22: Reject | H22: Yes | I22: Yes | J22: Yes | K22: Yes | L22: Yes | M22: No | N22: No

Sheet Production, Raw Mat
A2: Production (DV Tile + YB Powder) | B2: unit | C2: Jan | D2: Feb | E2: Mar | F2: Apr | G2: May | H2: Jun | I2: Jul | J2: Aug | K2: Sep | L2: Oct | M2: Nov | N2: Dec | O2: YTD | P2: Q1 | Q2: Q2 | R2: Q3 | S2: Q4
A3: Production (DV Tile) (Sản phẩm ĐV) | B3: ton | C3: =9609931/1000 -> 9609.931 | D3: =6310080.93333333/1000 -> 6310.0809 | E3: =17732973.4666667/1000 -> 17732.973 | F3: =15795455.3666667/1000 -> 15795.455 | G3: =16091799.7666667/1000 -> 16091.8 | H3: =16408015.8333333/1000 -> 16408.016 | I3: =18454323.8047619/1000 -> 18454.324 | J3: =16179630.247619/1000 -> 16179.63 | K3: =12136760.3666667/1000 -> 12136.76 | L3: =12464841.21625/1000 -> 12464.841 | M3: =12324145.55/1000 -> 12324.146 | N3: =15580268.8233333/1000 -> 15580.269 | O3: =SUM(C3:N3) -> 169088.23 | P3: =SUM(C3:E3) -> 33652.985 | Q3: =SUM(F3:H3) -> 48295.271 | R3: =SUM(I3:K3) -> 46770.714 | S3: =SUM(L3:N3) -> 40369.256
A4: Production (YB Powder) (bột bán cho Yên Bình) | B4: ton | C4: 0 | D4: 0 | E4: 0 | F4: 0 | G4: 0 | N4: =423667.4/1000 -> 423.6674 | O4: =SUM(C4:N4) -> 423.6674 | P4: =SUM(C4:E4) -> 0 | Q4: =SUM(F4:H4) -> 0 | R4: =SUM(I4:K4) -> 0 | S4: =SUM(L4:N4) -> 423.6674
A5: Total Production (DV + YB) | B5: ton | C5: =SUM(C3:C4) -> 9609.931 | D5: =SUM(D3:D4) -> 6310.0809 | E5: =SUM(E3:E4) -> 17732.973 | F5: =SUM(F3:F4) -> 15795.455 | G5: =SUM(G3:G4) -> 16091.8 | H5: =SUM(H3:H4) -> 16408.016 | I5: =SUM(I3:I4) -> 18454.324 | J5: =SUM(J3:J4) -> 16179.63 | ... S5: =SUM(S3:S4) -> 40792.923
A7: Raw Material | B7: unit | C7: Jan | D7: Feb | E7: Mar | F7: Apr | G7: May | H7: Jun | I7: Jul | J7: Aug | K7: Sep | L7: Oct | M7: Nov | N7: Dec | O7: YTD | P7: Q1 | Q7: Q2 | R7: Q3 | S7: Q4
A8: Limestone/ Đá vôi (canxit) | B8: ton | C8: =1185210/1000 -> 1185.21 | D8: =903630/1000 -> 903.63 | E8: =2451735/1000 -> 2451.735 | F8: =2133495/1000 -> 2133.495 | G8: =2066220/1000 -> 2066.22 | H8: =2160795/1000 -> 2160.795 | I8: =2501265/1000 -> 2501.265 | J8: =2094690/1000 -> 2094.69 | K8: =1523340/1000 -> 1523.34 | L8: =1624155/1000 -> 1624.155 | M8: =1624350/1000 -> 1624.35 | N8: =1872750/1000 -> 1872.75 | O8: =SUM(C8:N8) -> 22141.635 | P8: =SUM(C8:E8) -> 4540.575 | Q8: =SUM(F8:H8) -> 6360.51 | R8: =SUM(I8:K8) -> 6119.295 | S8: =SUM(L8:N8) -> 5121.255
A9: Clay/ Đất sét | B9: ton | C9: =6280950/1000 -> 6280.95 | D9: =4812600/1000 -> 4812.6 | E9: =13112580/1000 -> 13112.58 | F9: =11433240/1000 -> 11433.24 | G9: =11029452/1000 -> 11029.452 | H9: =11323650/1000 -> 11323.65 | I9: =13526175/1000 -> 13526.175 | J9: =12506465/1000 -> 12506.465 | K9: =8783970/1000 -> 8783.97 | L9: =9729720/1000 -> 9729.72 | M9: =9687405/1000 -> 9687.405 | N9: =11518615/1000 -> 11518.615 | O9: =SUM(C9:N9) -> 123744.82 | P9: =SUM(C9:E9) -> 24206.13 | Q9: =SUM(F9:H9) -> 33786.342 | R9: =SUM(I9:K9) -> 34816.61 | S9: =SUM(L9:N9) -> 30935.74
A10: Sand/ Cát | B10: ton | O10: =SUM(C10:N10) -> 0 | P10: =SUM(C10:E10) -> 0 | Q10: =SUM(F10:H10) -> 0 | R10: =SUM(I10:K10) -> 0 | S10: =SUM(L10:N10) -> 0
A11: Gypsum/ Thạch cao | B11: ton | O11: =SUM(C11:N11) -> 0 | P11: =SUM(C11:E11) -> 0 | Q11: =SUM(F11:H11) -> 0 | R11: =SUM(I11:K11) -> 0 | S11: =SUM(L11:N11) -> 0
A12: Laterite/ Đá ong | B12: ton | O12: =SUM(C12:N12) -> 0 | P12: =SUM(C12:E12) -> 0 | Q12: =SUM(F12:H12) -> 0 | R12: =SUM(I12:K12) -> 0 | S12: =SUM(L12:N12) -> 0
A13: Cement/ Xi măng | B13: ton | O13: =SUM(C13:N13) -> 0 | P13: =SUM(C13:E13) -> 0 | Q13: =SUM(F13:H13) -> 0 | R13: =SUM(I13:K13) -> 0 | S13: =SUM(L13:N13) -> 0
A14: Feldspar | B14: ton | C14: =696150/1000 -> 696.15 | D14: =772200/1000 -> 772.2 | E14: =1762800/1000 -> 1762.8 | F14: =1414140/1000 -> 1414.14 | G14: =1600308/1000 -> 1600.308 | H14: =1814670/1000 -> 1814.67 | I14: =2458170/1000 -> 2458.17 | J14: =963300/1000 -> 963.3 | K14: =958620/1000 -> 958.62 | L14: =877500/1000 -> 877.5 | M14: =627900/1000 -> 627.9 | N14: =1141700/1000 -> 1141.7 | O14: =SUM(C14:N14) -> 15087.458 | P14: =SUM(C14:E14) -> 3231.15 | Q14: =SUM(F14:H14) -> 4829.118 | R14: =SUM(I14:K14) -> 4380.09 | S14: =SUM(L14:N14) -> 2647.1
A15: Aggregate/ Chất kết tụ | B15: ton | O15: =SUM(C15:N15) -> 0 | P15: =SUM(C15:E15) -> 0 | Q15: =SUM(F15:H15) -> 0 | R15: =SUM(I15:K15) -> 0 | S15: =SUM(L15:N15) -> 0
A16: Pottery Stone | B16: ton | O16: =SUM(C16:N16) -> 0 | P16: =SUM(C16:E16) -> 0 | Q16: =SUM(F16:H16) -> 0 | R16: =SUM(I16:K16) -> 0 | S16: =SUM(L16:N16) -> 0
A17: Glazing (Men ướt nhập VP quy khô) | B17: ton | C17: =611660/1000 -> 611.66 | D17: =593122/1000 -> 593.122 | E17: =1366899/1000 -> 1366.899 | F17: =1232648/1000 -> 1232.648 | G17: =1224313/1000 -> 1224.313 | H17: =1274894/1000 -> 1274.894 | I17: =1532653/1000 -> 1532.653 | J17: =1223418/1000 -> 1223.418 | K17: =908336/1000 -> 908.336 | L17: =1025460/1000 -> 1025.46 | M17: =906515/1000 -> 906.515 | N17: =1268747/1000 -> 1268.747 | O17: =SUM(C17:N17) -> 13168.665 | P17: =SUM(C17:E17) -> 2571.681 | Q17: =SUM(F17:H17) -> 3731.855 | R17: =SUM(I17:K17) -> 3664.407 | S17: =SUM(L17:N17) -> 3200.722
A18: Recycled Mat/ Nguyên liệu tái sử dụng (gạch tái sử dụng+bột mài, bột liệu ép, xỉ than tái SD) | B18: ton | C18: =218010/1000+273.92+133.2 -> 625.13 | D18: =156780/1000+117.76+89.6 -> 364.14 | E18: =435240/1000+414.72+255.6 -> 1105.56 | F18: =382200/1000+394.2+275.3 -> 1051.7 | G18: =363480/1000+317.44+308.69 -> 989.61 | H18: =382590/1000+492.57+382.59 -> 1257.75 | I18: =430.7+597.87+399.75 -> 1428.32 | J18: =386880/1000+483.21+403.445 -> 1273.535 | K18: =283920/1000+348.66+284.895 -> 917.475 | L18: =675.09+205.92 -> 881.01 | M18: =305.76+368.55+242.97 -> 917.28 | N18: =340.66+454.83+112.32+114.17 -> 1021.98 | O18: =SUM(C18:N18) -> 11833.49 | P18: =SUM(C18:E18) -> 2094.83 | Q18: =SUM(F18:H18) -> 3299.06 | R18: =SUM(I18:K18) -> 3619.33 | S18: =SUM(L18:N18) -> 2820.27
A19: Others/ Nguyên liệu khác | B19: ton | O19: =SUM(C19:N19) -> 0 | P19: =SUM(C19:E19) -> 0 | Q19: =SUM(F19:H19) -> 0 | R19: =SUM(I19:K19) -> 0 | S19: =SUM(L19:N19) -> 0
A20: Total raw materials/ Tổng nguyên liệu | B20: ton | C20: =SUM(C8:C19) -> 9399.1 | D20: =SUM(D8:D19) -> 7445.692 | E20: =SUM(E8:E19) -> 19799.574 | F20: =SUM(F8:F19) -> 17265.223 | G20: =SUM(G8:G19) -> 16909.903 | H20: =SUM(H8:H19) -> 17831.759 | I20: =SUM(I8:I19) -> 21446.583 | J20: =SUM(J8:J19) -> 18061.408 | ... N20: =SUM(N8:N19) -> 16823.792 | O20: =SUM(C20:N20) -> 185976.07 | P20: =SUM(C20:E20) -> 36644.366 | Q20: =SUM(F20:H20) -> 52006.885 | R20: =SUM(I20:K20) -> 52599.732 | S20: =SUM(L20:N20) -> 44725.087
A21: % Alternative raw materials | B21: % | C21: =C18/C20 -> 0.066509559 | D21: =D18/D20 -> 0.048906133 | E21: =E18/E20 -> 0.055837565 | F21: =F18/F20 -> 0.060914359 | G21: =G18/G20 -> 0.058522512 | H21: =H18/H20 -> 0.070534264 | I21: =I18/I20 -> 0.066598954 | J21: =J18/J20 -> 0.070511391 | ... S21: =S18/S20 -> 0.063057899

Sheet Energy, GHG
A2: Energy Consumption | B2: unit | C2: Jan | D2: Feb | E2: Mar | F2: Apr | G2: May | H2: Jun | I2: Jul | J2: Aug | K2: Sep | L2: Oct | M2: Nov | N2: Dec | O2: YTD | P2: Q1 | Q2: Q2 | R2: Q3 | S2: Q4
A3: Coal/ Than 5A (DV) | B3: Ton | C3: 1233.522 | D3: 983 | E3: =2414661/1000 -> 2414.661 | F3: =2198795/1000 -> 2198.795 | G3: =2197301/1000 -> 2197.301 | H3: =2170990/1000 -> 2170.99 | I3: =2442916/1000 -> 2442.916 | J3: =2148882/1000 -> 2148.882 | K3: =1718913/1000 -> 1718.913 | L3: =1753955/1000 -> 1753.955 | M3: =1649300/1000 -> 1649.3 | N3: =2061215/1000 -> 2061.215 | P3: =SUM(C3:E3) -> 4631.183 | Q3: =SUM(F3:H3) -> 6567.086 | R3: =SUM(I3:K3) -> 6310.711 | S3: =SUM(L3:N3) -> 5464.47
A4: Coal/ Than 4A.1 (DV) | B4: Ton | C4: 443 | D4: =251250/1000 -> 251.25 | E4: =543069/1000 -> 543.069 | F4: =88335/1000 -> 88.335 | G4: =774190/1000 -> 774.19 | H4: =319418/1000 -> 319.418 | I4: =508880/1000 -> 508.88 | J4: =630609/1000 -> 630.609 | K4: =444559/1000 -> 444.559 | L4: =18900/1000 -> 18.9 | M4: =113760/1000 -> 113.76 | N4: =369092/1000 -> 369.092 | P4: =SUM(C4:E4) -> 1237.319 | Q4: =SUM(F4:H4) -> 1181.943 | R4: =SUM(I4:K4) -> 1584.048 | S4: =SUM(L4:N4) -> 501.752
A5: Coal/ Than import coal (DV) (than nhập khẩu) | B5: Ton | C5: 0 | D5: =92480/1000 -> 92.48 | E5: =430117/1000 -> 430.117 | F5: =722734/1000 -> 722.734 | G5: 0 | H5: =434630/1000 -> 434.63 | I5: =375270/1000 -> 375.27 | J5: =77210/1000 -> 77.21 | K5: 0 | L5: =550880/1000 -> 550.88 | M5: =352255/1000 -> 352.255 | N5: =533023/1000 -> 533.023 | P5: =SUM(C5:E5) -> 522.597 | Q5: =SUM(F5:H5) -> 1157.364 | R5: =SUM(I5:K5) -> 452.48 | S5: =SUM(L5:N5) -> 1436.158
A6: Than cám qua sàng / Than 5A under screen DV | B6: Ton | C6: 114 | D6: 88 | E6: =206339/1000 -> 206.339 | F6: =209205/1000 -> 209.205 | G6: =204699/1000 -> 204.699 | H6: =201010/1000 -> 201.01 | I6: =188848/1000 -> 188.848 | J6: =204034/1000 -> 204.034 | K6: =133775/1000 -> 133.775 | L6: =153045/1000 -> 153.045 | M6: =156700/1000 -> 156.7 | N6: =175785/1000 -> 175.785 | P6: =SUM(C6:E6) -> 408.339 | Q6: =SUM(F6:H6) -> 614.914 | R6: =SUM(I6:K6) -> 526.657 | S6: =SUM(L6:N6) -> 485.53
A7: Coal/ Than 5A (YB) | B7: Ton | C7: 0 | D7: 0 | E7: 0 | P7: =SUM(C7:E7) -> 0 | Q7: =SUM(F7:H7) -> 0 | R7: =SUM(I7:K7) -> 0 | S7: =SUM(L7:N7) -> 0
A8: Coal/ Than 4A.1 (YB) | B8: Ton | C8: 0 | D8: 0 | E8: 0 | N8: =27623.11448/1000 -> 27.623114 | P8: =SUM(C8:E8) -> 0 | Q8: =SUM(F8:H8) -> 0 | R8: =SUM(I8:K8) -> 0 | S8: =SUM(L8:N8) -> 27.623114
A9: Coal/ Than import coal (YB) (than nhập khẩu) | B9: Ton | C9: 0 | D9: 0 | E9: 0 | P9: =SUM(C9:E9) -> 0 | Q9: =SUM(F9:H9) -> 0 | R9: =SUM(I9:K9) -> 0 | S9: =SUM(L9:N9) -> 0
A10: Than cám qua sàng / Than 5A under screen YB | B10: Ton | C10: 0 | D10: 0 | E10: 0 | P10: =SUM(C10:L10) -> 0 | Q10: =SUM(F10:H10) -> 0 | R10: =SUM(I10:K10) -> 0 | S10: =SUM(L10:N10) -> 0
A11: Coal/ Than 5A (DV+YB) | B11: Ton | C11: =C3+C7 -> 1233.522 | D11: =D3+D7 -> 983 | E11: =E3+E7 -> 2414.661 | F11: =F3+F7 -> 2198.795 | G11: =G3+G7 -> 2197.301 | H11: =H3+H7 -> 2170.99 | I11: =I3+I7 -> 2442.916 | J11: =J3+J7 -> 2148.882 | ... S11: =S3+S7 -> 5464.47
A12: Coal/ Than 4A.1 (DV+YB) | B12: Ton | C12: =C4+C8 -> 443 | D12: =D4+D8 -> 251.25 | E12: =E4+E8 -> 543.069 | F12: =F4+F8 -> 88.335 | G12: =G4+G8 -> 774.19 | H12: =H4+H8 -> 319.418 | I12: =I4+I8 -> 508.88 | J12: =J4+J8 -> 630.609 | ... S12: =S4+S8 -> 529.37511
A13: Coal/ Than import coal (DV+YB) | B13: Ton | C13: =C5+C9 -> 0 | D13: =D5+D9 -> 92.48 | E13: =E5+E9 -> 430.117 | F13: =F5+F9 -> 722.734 | G13: =G5+G9 -> 0 | H13: =H5+H9 -> 434.63 | I13: =I5+I9 -> 375.27 | J13: =J5+J9 -> 77.21 | ... S13: =S5+S9 -> 1436.158
A14: Coal/ Than 5A under screen (DV+YB) | B14: Ton | C14: =C6+C10 -> 114 | D14: =D6+D10 -> 88 | E14: =E6+E10 -> 206.339 | F14: =F6+F10 -> 209.205 | G14: =G6+G10 -> 204.699 | H14: =H6+H10 -> 201.01 | I14: =I6+I10 -> 188.848 | J14: =J6+J10 -> 204.034 | ... T14: =T6+T10 -> 0
A15: Total Coal DV | B15: Ton | C15: =SUM(C3:C6) -> 1790.522 | D15: =SUM(D3:D6) -> 1414.73 | E15: =SUM(E3:E6) -> 3594.186 | F15: =SUM(F3:F6) -> 3219.069 | G15: =SUM(G3:G6) -> 3176.19 | H15: =SUM(H3:H6) -> 3126.048 | I15: =SUM(I3:I6) -> 3515.914 | J15: =SUM(J3:J6) -> 3060.735 | ... S15: =SUM(S3:S6) -> 7887.91
A16: Total Coal YB | B16: Ton | C16: =SUM(C7:C10) -> 0 | D16: =SUM(D7:D10) -> 0 | E16: =SUM(E7:E10) -> 0 | F16: =SUM(F7:F10) -> 0 | G16: =SUM(G7:G10) -> 0 | H16: =SUM(H7:H10) -> 0 | I16: =SUM(I7:I10) -> 0 | J16: =SUM(J7:J10) -> 0 | ... S16: =SUM(S7:S10) -> 27.623114
A17: Total Coal | B17: Ton | C17: =SUM(C15:C16) -> 1790.522 | D17: =SUM(D15:D16) -> 1414.73 | E17: =SUM(E15:E16) -> 3594.186 | F17: =SUM(F15:F16) -> 3219.069 | G17: =SUM(G15:G16) -> 3176.19 | H17: =SUM(H15:H16) -> 3126.048 | I17: =SUM(I15:I16) -> 3515.914 | J17: =SUM(J15:J16) -> 3060.735 | ... O17: =SUM(O15:O16) -> 0 | P17: =SUM(P11:P13) -> 6391.099 | Q17: =SUM(Q11:Q13) -> 8906.393 | R17: =SUM(R11:R13) -> 8347.239 | S17: =SUM(S11:S13) -> 7430.0031
A18: Coal heating value 5A (Nhiệt trị theo báo cáo gửi ban NL) | B18: cal/g | C18: 7350 | D18: 7350 | E18: 7350 | F18: 7350 | G18: 7350 | H18: 7350 | I18: 7350 | J18: 7350 | K18: 7350 | L18: 7350 | M18: 7350 | N18: 7350 | O18: 7350 | P18: 7350 | Q18: 7350 | R18: 7350 | S18: 7350
A19: Coal heating value 4A.1 (lấy theo nhiệt trị của ban NL) | B19: cal/g | C19: 5780 | D19: 5780 | E19: 5780 | F19: 5780 | G19: 5780 | H19: 5780 | I19: 5780 | J19: 5780 | K19: 5780 | L19: 5780 | M19: 5780 | N19: 5780 | O19: 5780 | P19: 5780 | Q19: 5780 | R19: 5780 | S19: 5780
A20: Coal heating value import coal (Nhiệt trị theo ban NL) | B20: cal/g | C20: 5520 | D20: 5520 | E20: 5520 | F20: 5520 | G20: 5520 | H20: 5520 | I20: 5520 | J20: 5520 | K20: 5520 | L20: 5520 | M20: 5520 | N20: 5520 | O20: 5520 | P20: 5520 | Q20: 5520 | R20: 5520 | S20: 5520
A21: Coal heating value5A under screen (Nhiệt trị theo ban NL) | B21: cal/g | C21: 6810 | D21: 6810 | E21: 6810 | F21: 6810 | G21: 6810 | H21: 6810 | I21: 6810 | J21: 6810 | K21: 6810 | L21: 6810 | M21: 6810 | N21: 6810 | O21: 6810 | P21: 6810 | Q21: 6810 | R21: 6810 | S21: 6810
A22: Coal Heating Value average | B22: cal/g | C22: =((C11*C18)+(C12*C19)+(C13*C20)+(C14*C21))/C17 -> 6927.1792 | D22: =((D11*D18)+(D12*D19)+(D13*D20)+(D14*D21))/D17 -> 6917.9593 | E22: =((E11*E18)+(E12*E19)+(E13*E20)+(E14*E21))/E17 -> 6862.7811 | F22: =((F11*F18)+(F12*F19)+(F13*F20)+(F14*F21))/F17 -> 6860.958 | G22: =((G11*G18)+(G12*G19)+(G13*G20)+(G14*G21))/G17 -> 6932.5137 | H22: =((H11*H18)+(H12*H19)+(H13*H20)+(H14*H21))/H17 -> 6900.4213 | I22: =((I11*I18)+(I12*I19)+(I13*I20)+(I14*I21))/I17 -> 6898.435 | J22: =((J11*J18)+(J12*J19)+(J13*J20)+(J14*J21))/J17 -> 6944.3691 | ... S22: =((S11*S18)+(S12*S19)+(S13*S20)+(S14*S21))/S17 -> 7329.4309
A23: Coal Gas (DV) (Nhiệt trị theo phiếu kiểm tra) | B23: Mcal | C23: 9228477.4 | D23: 4930580 | E23: 18233956 | F23: 16498637 | G23: 15879436 | H23: 16129496 | I23: 18191175 | J23: 16165639 | K23: 12955187 | L23: 12294716 | M23: 12544717 | N23: 15057913 | O23: =SUM(C23:N23) -> 1.6810993e+08 | P23: =SUM(C23:E23) -> 32393014 | Q23: =SUM(F23:H23) -> 48507569 | R23: =SUM(I23:K23) -> 47312001 | S23: =SUM(L23:N23) -> 39897347
A24: Coal Gas (YB) (Nhiệt trị theo phiếu kiểm tra) | B24: Mcal | O24: =SUM(C24:N24) -> 0 | P24: =SUM(C24:E24) -> 0 | Q24: =SUM(F24:H24) -> 0 | R24: =SUM(I24:K24) -> 0 | S24: =SUM(L24:N24) -> 0
A25: Total Coal Gas | B25: Mcal | C25: =SUM(C23:C24) -> 9228477.4 | D25: =SUM(D23:D24) -> 4930580 | E25: =SUM(E23:E24) -> 18233956 | F25: =SUM(F23:F24) -> 16498637 | G25: =SUM(G23:G24) -> 15879436 | H25: =SUM(H23:H24) -> 16129496 | I25: =SUM(I23:I24) -> 18191175 | J25: =SUM(J23:J24) -> 16165639 | ... N25: =SUM(N23:N24) -> 15057913 | O25: =SUM(C25:N25) -> 1.6810993e+08 | P25: =SUM(C25:E25) -> 32393014 | Q25: =SUM(F25:H25) -> 48507569 | R25: =SUM(I25:K25) -> 47312001 | S25: =SUM(L25:N25) -> 39897347
A26: Lignite/ Than non | B26: Ton | O26: =SUM(C26:N26) -> 0 | P26: =SUM(C26:E26) -> 0 | Q26: =SUM(F26:H26) -> 0 | R26: =SUM(I26:K26) -> 0 | S26: =SUM(L26:N26) -> 0
A27: Natural Gas/ Khí gas tự nhiên | B27: Ton | O27: =SUM(C27:N27) -> 0 | P27: =SUM(C27:E27) -> 0 | Q27: =SUM(F27:H27) -> 0 | R27: =SUM(I27:K27) -> 0 | S27: =SUM(L27:N27) -> 0
A28: Co-generation (Heat)/ Đồng phát nhiệt điện | B28: Ton | O28: =SUM(C28:N28) -> 0 | P28: =SUM(C28:E28) -> 0 | Q28: =SUM(F28:H28) -> 0 | R28: =SUM(I28:K28) -> 0 | S28: =SUM(L28:N28) -> 0
A29: LPG for Process used (Station)/ LPG dùng cho trạm (dùng cho lò nung) | B29: Ton | O29: =SUM(C29:N29) -> 0 | P29: =SUM(C29:E29) -> 0 | Q29: =SUM(F29:H29) -> 0 | R29: =SUM(I29:K29) -> 0 | S29: =SUM(L29:N29) -> 0
A30: Heavy fuel oil / Bunker oil/ Dầu nặng hoặc dàu chạy tàu | B30: Ton | O30: =SUM(C30:N30) -> 0 | P30: =SUM(C30:E30) -> 0 | Q30: =SUM(F30:H30) -> 0 | R30: =SUM(I30:K30) -> 0 | S30: =SUM(L30:N30) -> 0
A31: Diesel oil (Mobile) Dầu xe | B31: Litre | C31: 15330 | D31: 17932 | E31: 26113 | F31: 23200 | G31: 27582 | H31: 25780 | I31: 27627 | J31: 27197 | K31: 22566 | L31: 21537 | M31: 26509 | N31: 24880 | O31: =SUM(C31:N31) -> 286253 | P31: =SUM(C31:E31) -> 59375 | Q31: =SUM(F31:H31) -> 76562 | R31: =SUM(I31:K31) -> 77390 | S31: =SUM(L31:N31) -> 72926
A32: Gasoline (xăng bơm chữa cháy) | B32: Litre | C32: 0 | D32: 0 | E32: 0 | F32: 0 | G32: 0 | H32: 0 | I32: 0 | K32: 0 | L32: 0 | M32: 0 | N32: 0 | O32: =SUM(C32:N32) -> 0 | P32: =SUM(C32:E32) -> 0 | Q32: =SUM(F32:H32) -> 0 | R32: =SUM(I32:K32) -> 0 | S32: =SUM(L32:N32) -> 0
A33: Steam/ Hơi nước | B33: Ton | O33: =SUM(C33:N33) -> 0 | P33: =SUM(C33:E33) -> 0 | Q33: =SUM(F33:H33) -> 0 | R33: =SUM(I33:K33) -> 0 | S33: =SUM(L33:N33) -> 0
A34: Solid Biomass (DV) (Củi+rác đốt là cây…+ Gỗ băm) | B34: Ton | C34: 2.446 | D34: =18544/1000 -> 18.544 | E34: =29067/1000 -> 29.067 | F34: =22056/1000+9.88 -> 31.936 | G34: =27452/1000 -> 27.452 | H34: =10810/1000+212.176 -> 222.986 | I34: =9030/1000+336.6 -> 345.63 | J34: =25270/1000+555095/1000 -> 580.365 | K34: =37960/1000+433.165 -> 471.125 | L34: =27.94+280.4 -> 308.34 | M34: =34.666+27.72+77596/1000 -> 139.982 | N34: =15882/1000 -> 15.882 | O34: =SUM(C34:N34) -> 2193.755 | P34: =SUM(C34:E34) -> 50.057 | Q34: =SUM(F34:H34) -> 282.374 | R34: =SUM(I34:K34) -> 1397.12 | S34: =SUM(L34:N34) -> 464.204
A35: Solid Biomass (YB) (Củi+rác đốt) | B35: Ton | C35: 0 | D35: 0 | E35: 0 | F35: 0 | G35: 0 | H35: 0 | I35: 0 | J35: 0 | K35: 0 | L35: 0 | M35: 0 | N35: 0 | O35: =SUM(C35:N35) -> 0 | P35: =SUM(C35:E35) -> 0 | Q35: =SUM(F35:H35) -> 0 | R35: =SUM(I35:K35) -> 0 | S35: =SUM(L35:N35) -> 0
A36: Total Solid Biomass | B36: Ton | C36: =SUM(C34:C35) -> 2.446 | D36: =SUM(D34:D35) -> 18.544 | E36: =SUM(E34:E35) -> 29.067 | F36: =SUM(F34:F35) -> 31.936 | G36: =SUM(G34:G35) -> 27.452 | H36: =SUM(H34:H35) -> 222.986 | I36: =SUM(I34:I35) -> 345.63 | J36: =SUM(J34:J35) -> 580.365 | ... S36: =SUM(S34:S35) -> 464.204
A37: Solid Biomass heating Value (Nhiệt trị) | B37: cal/g | C37: 3000 | D37: 3000 | E37: 3000 | F37: 3000 | G37: 3000 | H37: 3000 | I37: 3000 | J37: 3000 | K37: 3000 | L37: 3000 | M37: 3000 | N37: 3000 | O37: =IF(O36=0,"0",(SUMPRODUCT(C36:N36,C37:N37)/O36)) -> 3000 | P37: =IF(P36=0,"0",(SUMPRODUCT(C36:E36,C37:E37)/P36)) -> 3000 | Q37: =IF(Q36=0,"0",(SUMPRODUCT(F36:H36,F37:H37)/Q36)) -> 3000 | R37: =IF(R36=0,"0",(SUMPRODUCT(I36:K36,I37:K37)/R36)) -> 3000 | S37: =IF(S36=0,"0",(SUMPRODUCT(L36:N36,L37:N37)/S36)) -> 3000
A38: Electricity/ Điện (DV) | B38: MWh | C38: 1214.6904 | D38: =885068.799999999/1000 -> 885.0688 | E38: =2076956.8/1000 -> 2076.9568 | F38: =1968709.6/1000 -> 1968.7096 | G38: =2088979.2/1000 -> 2088.9792 | H38: =2154046.4/1000 -> 2154.0464 | I38: =2334833.6/1000 -> 2334.8336 | J38: =2015340/1000 -> 2015.34 | K38: =1630340.8/1000 -> 1630.3408 | L38: =1631502.4/1000 -> 1631.5024 | M38: =1569298.8/1000 -> 1569.2988 | N38: =1836991.2/1000 -> 1836.9912 | O38: =SUM(C38:N38) -> 21406.758 | P38: =SUM(C38:E38) -> 4176.716 | Q38: =SUM(F38:H38) -> 6211.7352 | R38: =SUM(I38:K38) -> 5980.5144 | S38: =SUM(L38:N38) -> 5037.7924
A39: Electricity/ Điện (YB) | B39: MWh | C39: 0 | D39: 0 | E39: 0 | F39: 0 | G39: 0 | H39: 0 | I39: 0 | J39: 0 | K39: 0 | L39: 0 | M39: 0 | N39: 10.591685 | O39: =SUM(C39:N39) -> 10.591685 | P39: =SUM(C39:E39) -> 0 | Q39: =SUM(F39:H39) -> 0 | R39: =SUM(I39:K39) -> 0 | S39: =SUM(L39:N39) -> 10.591685
A40: Total Electricity | B40: MWh | C40: =SUM(C38:C39) -> 1214.6904 | D40: =SUM(D38:D39) -> 885.0688 | E40: =SUM(E38:E39) -> 2076.9568 | F40: =SUM(F38:F39) -> 1968.7096 | G40: =SUM(G38:G39) -> 2088.9792 | H40: =SUM(H38:H39) -> 2154.0464 | I40: =SUM(I38:I39) -> 2334.8336 | J40: =SUM(J38:J39) -> 2015.34 | ... S40: =SUM(S38:S39) -> 5048.3841
A41: Co-generation (Power)/ Năng lượng đồng phát nhiệt điện | B41: MWh | O41: =SUM(O39:O40) -> 21427.941 | P41: =SUM(P39:P40) -> 4176.716 | Q41: =SUM(Q39:Q40) -> 6211.7352 | R41: =SUM(R39:R40) -> 5980.5144 | S41: =SUM(S39:S40) -> 5058.9758
A42: Solar Cell (Renewable Energy)/ Năng lượng mặt trời | B42: MWh | O42: =SUM(O40:O41) -> 42845.291 | P42: =SUM(P40:P41) -> 8353.432 | Q42: =SUM(Q40:Q41) -> 12423.47 | R42: =SUM(R40:R41) -> 11961.029 | S42: =SUM(S40:S41) -> 10107.36
A43: Total Thermal Consumption-Coal, Biomass (DV) | B43: GJ | C43: =(C3*C18*(4186/1000000))+(C4*C19*(4186/1000000))+(C5*C20*(4186/1000000))+(C6*C21*(4186/1000000)+(C26*$C$101)+(C27*$C$102)+(C28*$C$103)+(C29*$C$104)+(C30*$C$107)+(C31*$C$107)+(C32*$C$109)+(C33*$C$110)+(C34*C37*(4186/1000000))+(C69*$C$107)) -> 52581.95 | D43: =(D3*D18*(4186/1000000))+(D4*D19*(4186/1000000))+(D5*D20*(4186/1000000))+(D6*D21*(4186/1000000)+(D26*$C$101)+(D27*$C$102)+(D28*$C$103)+(D29*$C$104)+(D30*$C$107)+(D31*$C$107)+(D32*$C$109)+(D33*$C$110)+(D34*D37*(4186/1000000))+(D69*$C$107)) -> 41854.528 | E43: =(E3*E18*(4186/1000000))+(E4*E19*(4186/1000000))+(E5*E20*(4186/1000000))+(E6*E21*(4186/1000000)+(E26*$C$101)+(E27*$C$102)+(E28*$C$103)+(E29*$C$104)+(E30*$C$107)+(E31*$C$107)+(E32*$C$109)+(E33*$C$110)+(E34*E37*(4186/1000000))+(E69*$C$107)) -> 104768.71 | F43: =(F3*F18*(4186/1000000))+(F4*F19*(4186/1000000))+(F5*F20*(4186/1000000))+(F6*F21*(4186/1000000)+(F26*$C$101)+(F27*$C$102)+(F28*$C$103)+(F29*$C$104)+(F30*$C$107)+(F31*$C$107)+(F32*$C$109)+(F33*$C$110)+(F34*F37*(4186/1000000))+(F69*$C$107)) -> 93770.402 | G43: =(G3*G18*(4186/1000000))+(G4*G19*(4186/1000000))+(G5*G20*(4186/1000000))+(G6*G21*(4186/1000000)+(G26*$C$101)+(G27*$C$102)+(G28*$C$103)+(G29*$C$104)+(G30*$C$107)+(G31*$C$107)+(G32*$C$109)+(G33*$C$110)+(G34*G37*(4186/1000000))+(G69*$C$107)) -> 93520.732 | H43: =(H3*H18*(4186/1000000))+(H4*H19*(4186/1000000))+(H5*H20*(4186/1000000))+(H6*H21*(4186/1000000)+(H26*$C$101)+(H27*$C$102)+(H28*$C$103)+(H29*$C$104)+(H30*$C$107)+(H31*$C$107)+(H32*$C$109)+(H33*$C$110)+(H34*H37*(4186/1000000))+(H69*$C$107)) -> 94035.574 | I43: =(I3*I18*(4186/1000000))+(I4*I19*(4186/1000000))+(I5*I20*(4186/1000000))+(I6*I21*(4186/1000000)+(I26*$C$101)+(I27*$C$102)+(I28*$C$103)+(I29*$C$104)+(I30*$C$107)+(I31*$C$107)+(I32*$C$109)+(I33*$C$110)+(I34*I37*(4186/1000000))+(I69*$C$107)) -> 106947.95 | J43: =(J3*J18*(4186/1000000))+(J4*J19*(4186/1000000))+(J5*J20*(4186/1000000))+(J6*J21*(4186/1000000)+(J26*$C$101)+(J27*$C$102)+(J28*$C$103)+(J29*$C$104)+(J30*$C$107)+(J31*$C$107)+(J32*$C$109)+(J33*$C$110)+(J34*J37*(4186/1000000))+(J69*$C$107)) -> 97251.639 | ... N43: =(N3*N18*(4186/1000000))+(N4*N19*(4186/1000000))+(N5*N20*(4186/1000000))+(N6*N21*(4186/1000000)+(N26*$C$101)+(N27*$C$102)+(N28*$C$103)+(N29*$C$104)+(N30*$C$107)+(N31*$C$107)+(N32*$C$109)+(N33*$C$110)+(N34*N37*(4186/1000000))+(N69*$C$107)) -> 91436.411 | O43: =SUM(C43:N43) -> 995685.66 | P43: =SUM(C43:E43) -> 199205.19 | Q43: =SUM(F43:H43) -> 281326.71 | R43: =SUM(I43:K43) -> 278539.1 | S43: =SUM(L43:N43) -> 236614.66
A44: Total Thermal Consumption-Coal, Biomass (YB) | B44: GJ | C44: =(C7*C18)+(C8*C19)+(C9*C20)+(C10*C21)+(C35*C37*(4186/1000000)) -> 0 | D44: =(D7*D18)+(D8*D19)+(D9*D20)+(D10*D21)+(D35*D37*(4186/1000000)) -> 0 | E44: =(E7*E18)+(E8*E19)+(E9*E20)+(E10*E21)+(E35*E37*(4186/1000000)) -> 0 | F44: =(F7*F18)+(F8*F19)+(F9*F20)+(F10*F21)+(F35*F37*(4186/1000000)) -> 0 | G44: =(G7*G18)+(G8*G19)+(G9*G20)+(G10*G21)+(G35*G37*(4186/1000000)) -> 0 | H44: =(H7*H18)+(H8*H19)+(H9*H20)+(H10*H21)+(H35*H37*(4186/1000000)) -> 0 | I44: =(I7*I18)+(I8*I19)+(I9*I20)+(I10*I21)+(I35*I37*(4186/1000000)) -> 0 | J44: =(J7*J18)+(J8*J19)+(J9*J20)+(J10*J21)+(J35*J37*(4186/1000000)) -> 0 | ... N44: =(N7*N18)+(N8*N19)+(N9*N20)+(N10*N21)+(N35*N37*(4186/1000000)) -> 159661.6 | O44: =SUM(C44:N44) -> 159661.6 | P44: =SUM(C44:E44) -> 0 | Q44: =SUM(F44:H44) -> 0 | R44: =SUM(I44:K44) -> 0 | S44: =SUM(L44:N44) -> 159661.6
A45: Total Thermal Consumption-Coal, Biomass | B45: GJ | C45: =(C11*C18*(4186/1000000))+(C12*C19*(4186/1000000))+(C13*C20*(4186/1000000))+(C14*C21*(4186/1000000))+(C26*$C$101)+(C27*$C$102)+(C28*$C$103)+(C29*$C$104)+(C30*$C$107)+(C31*$C$107)+(C32*$C$109)+(C33*$C$110)+(C36*C37*(4186/1000000))+(C69*$C$107) -> 52581.95 | D45: =(D11*D18*(4186/1000000))+(D12*D19*(4186/1000000))+(D13*D20*(4186/1000000))+(D14*D21*(4186/1000000))+(D26*$C$101)+(D27*$C$102)+(D28*$C$103)+(D29*$C$104)+(D30*$C$107)+(D31*$C$107)+(D32*$C$109)+(D33*$C$110)+(D36*D37*(4186/1000000))+(D69*$C$107) -> 41854.528 | E45: =(E11*E18*(4186/1000000))+(E12*E19*(4186/1000000))+(E13*E20*(4186/1000000))+(E14*E21*(4186/1000000))+(E26*$C$101)+(E27*$C$102)+(E28*$C$103)+(E29*$C$104)+(E30*$C$107)+(E31*$C$107)+(E32*$C$109)+(E33*$C$110)+(E36*E37*(4186/1000000))+(E69*$C$107) -> 104768.71 | F45: =(F11*F18*(4186/1000000))+(F12*F19*(4186/1000000))+(F13*F20*(4186/1000000))+(F14*F21*(4186/1000000))+(F26*$C$101)+(F27*$C$102)+(F28*$C$103)+(F29*$C$104)+(F30*$C$107)+(F31*$C$107)+(F32*$C$109)+(F33*$C$110)+(F36*F37*(4186/1000000))+(F69*$C$107) -> 93770.402 | G45: =(G11*G18*(4186/1000000))+(G12*G19*(4186/1000000))+(G13*G20*(4186/1000000))+(G14*G21*(4186/1000000))+(G26*$C$101)+(G27*$C$102)+(G28*$C$103)+(G29*$C$104)+(G30*$C$107)+(G31*$C$107)+(G32*$C$109)+(G33*$C$110)+(G36*G37*(4186/1000000))+(G69*$C$107) -> 93520.732 | H45: =(H11*H18*(4186/1000000))+(H12*H19*(4186/1000000))+(H13*H20*(4186/1000000))+(H14*H21*(4186/1000000))+(H26*$C$101)+(H27*$C$102)+(H28*$C$103)+(H29*$C$104)+(H30*$C$107)+(H31*$C$107)+(H32*$C$109)+(H33*$C$110)+(H36*H37*(4186/1000000))+(H69*$C$107) -> 94035.574 | I45: =(I11*I18*(4186/1000000))+(I12*I19*(4186/1000000))+(I13*I20*(4186/1000000))+(I14*I21*(4186/1000000))+(I26*$C$101)+(I27*$C$102)+(I28*$C$103)+(I29*$C$104)+(I30*$C$107)+(I31*$C$107)+(I32*$C$109)+(I33*$C$110)+(I36*I37*(4186/1000000))+(I69*$C$107) -> 106947.95 | J45: =(J11*J18*(4186/1000000))+(J12*J19*(4186/1000000))+(J13*J20*(4186/1000000))+(J14*J21*(4186/1000000))+(J26*$C$101)+(J27*$C$102)+(J28*$C$103)+(J29*$C$104)+(J30*$C$107)+(J31*$C$107)+(J32*$C$109)+(J33*$C$110)+(J36*J37*(4186/1000000))+(J69*$C$107) -> 97251.639 | ... N45: =(N11*N18*(4186/1000000))+(N12*N19*(4186/1000000))+(N13*N20*(4186/1000000))+(N14*N21*(4186/1000000))+(N26*$C$101)+(N27*$C$102)+(N28*$C$103)+(N29*$C$104)+(N30*$C$107)+(N31*$C$107)+(N32*$C$109)+(N33*$C$110)+(N36*N37*(4186/1000000))+(N69*$C$107) -> 92104.754 | O45: =SUM(C45:N45) -> 996354.01 | P45: =SUM(C45:E45) -> 199205.19 | Q45: =SUM(F45:H45) -> 281326.71 | R45: =SUM(I45:K45) -> 278539.1 | S45: =SUM(L45:N45) -> 237283.01 | T45: = | U45: =O45/'Production, Raw Mat'!$O$5 -> 5.8777823 | V45: GJ/ton
A46: Total Thermal Consumption-Coal Gas (DV) | B46: GJ | C46: =(C23*(4186/1000000))+(C26*$C$101)+(C27*$C$102)+(C28*$C$103)+(C29*$C$104)+(C30*$C$107)+(C31*$C$107)+(C32*$C$109)+(C33*$C$110)+(C69*$C$107) -> 39261.565 | D46: =(D23*(4186/1000000))+(D26*$C$101)+(D27*$C$102)+(D28*$C$103)+(D29*$C$104)+(D30*$C$107)+(D31*$C$107)+(D32*$C$109)+(D33*$C$110)+(D69*$C$107) -> 21292.491 | E46: =(E23*(4186/1000000))+(E26*$C$101)+(E27*$C$102)+(E28*$C$103)+(E29*$C$104)+(E30*$C$107)+(E31*$C$107)+(E32*$C$109)+(E33*$C$110)+(E69*$C$107) -> 77478.686 | F46: =(F23*(4186/1000000))+(F26*$C$101)+(F27*$C$102)+(F28*$C$103)+(F29*$C$104)+(F30*$C$107)+(F31*$C$107)+(F32*$C$109)+(F33*$C$110)+(F69*$C$107) -> 69981.078 | G46: =(G23*(4186/1000000))+(G26*$C$101)+(G27*$C$102)+(G28*$C$103)+(G29*$C$104)+(G30*$C$107)+(G31*$C$107)+(G32*$C$109)+(G33*$C$110)+(G69*$C$107) -> 67475.857 | H46: =(H23*(4186/1000000))+(H26*$C$101)+(H27*$C$102)+(H28*$C$103)+(H29*$C$104)+(H30*$C$107)+(H31*$C$107)+(H32*$C$109)+(H33*$C$110)+(H69*$C$107) -> 68456.978 | I46: =(I23*(4186/1000000))+(I26*$C$101)+(I27*$C$102)+(I28*$C$103)+(I29*$C$104)+(I30*$C$107)+(I31*$C$107)+(I32*$C$109)+(I33*$C$110)+(I69*$C$107) -> 77227.275 | J46: =(J23*(4186/1000000))+(J26*$C$101)+(J27*$C$102)+(J28*$C$103)+(J29*$C$104)+(J30*$C$107)+(J31*$C$107)+(J32*$C$109)+(J33*$C$110)+(J69*$C$107) -> 68659.879 | ... N46: =(N23*(4186/1000000))+(N26*$C$101)+(N27*$C$102)+(N28*$C$103)+(N29*$C$104)+(N30*$C$107)+(N31*$C$107)+(N32*$C$109)+(N33*$C$110)+(N69*$C$107) -> 64594.115 | O46: =SUM(C46:N46) -> 715535.67 | P46: =SUM(C46:E46) -> 138032.74 | Q46: =SUM(F46:H46) -> 205913.91 | R46: =SUM(I46:K46) -> 201085.1 | S46: =SUM(L46:N46) -> 170503.92
A47: Total Thermal Consumption-Coal Gas (YB) | B47: GJ | C47: =(C24*(4186/1000000)) -> 0 | D47: =(D24*(4186/1000000)) -> 0 | E47: =(E24*(4186/1000000)) -> 0 | F47: =(F24*(4186/1000000)) -> 0 | G47: =(G24*(4186/1000000)) -> 0 | H47: =(H24*(4186/1000000)) -> 0 | I47: =(I24*(4186/1000000)) -> 0 | J47: =(J24*(4186/1000000)) -> 0 | ... N47: =(N24*(4186/1000000)) -> 0 | O47: =SUM(C47:N47) -> 0 | P47: =SUM(C47:E47) -> 0 | Q47: =SUM(F47:H47) -> 0 | R47: =SUM(I47:K47) -> 0 | S47: =SUM(L47:N47) -> 0
A48: Total Thermal Consumption-Coal Gas | B48: GJ | C48: =(C25*(4186/1000000))+(C26*$C$101)+(C27*$C$102)+(C28*$C$103)+(C29*$C$104)+(C30*$C$107)+(C31*$C$107)+(C32*$C$109)+(C33*$C$110)+(C69*$C$107) -> 39261.565 | D48: =(D25*(4186/1000000))+(D26*$C$101)+(D27*$C$102)+(D28*$C$103)+(D29*$C$104)+(D30*$C$107)+(D31*$C$107)+(D32*$C$109)+(D33*$C$110)+(D69*$C$107) -> 21292.491 | E48: =(E25*(4186/1000000))+(E26*$C$101)+(E27*$C$102)+(E28*$C$103)+(E29*$C$104)+(E30*$C$107)+(E31*$C$107)+(E32*$C$109)+(E33*$C$110)+(E69*$C$107) -> 77478.686 | F48: =(F25*(4186/1000000))+(F26*$C$101)+(F27*$C$102)+(F28*$C$103)+(F29*$C$104)+(F30*$C$107)+(F31*$C$107)+(F32*$C$109)+(F33*$C$110)+(F69*$C$107) -> 69981.078 | G48: =(G25*(4186/1000000))+(G26*$C$101)+(G27*$C$102)+(G28*$C$103)+(G29*$C$104)+(G30*$C$107)+(G31*$C$107)+(G32*$C$109)+(G33*$C$110)+(G69*$C$107) -> 67475.857 | H48: =(H25*(4186/1000000))+(H26*$C$101)+(H27*$C$102)+(H28*$C$103)+(H29*$C$104)+(H30*$C$107)+(H31*$C$107)+(H32*$C$109)+(H33*$C$110)+(H69*$C$107) -> 68456.978 | I48: =(I25*(4186/1000000))+(I26*$C$101)+(I27*$C$102)+(I28*$C$103)+(I29*$C$104)+(I30*$C$107)+(I31*$C$107)+(I32*$C$109)+(I33*$C$110)+(I69*$C$107) -> 77227.275 | J48: =(J25*(4186/1000000))+(J26*$C$101)+(J27*$C$102)+(J28*$C$103)+(J29*$C$104)+(J30*$C$107)+(J31*$C$107)+(J32*$C$109)+(J33*$C$110)+(J69*$C$107) -> 68659.879 | ... N48: =(N25*(4186/1000000))+(N26*$C$101)+(N27*$C$102)+(N28*$C$103)+(N29*$C$104)+(N30*$C$107)+(N31*$C$107)+(N32*$C$109)+(N33*$C$110)+(N69*$C$107) -> 64594.115 | O48: =SUM(C48:N48) -> 715535.67 | P48: =SUM(C48:E48) -> 138032.74 | Q48: =SUM(F48:H48) -> 205913.91 | R48: =SUM(I48:K48) -> 201085.1 | S48: =SUM(L48:N48) -> 170503.92
A49: Total Electrical Consumption (DV) | B49: GJ | C49: =(C38*$C$112)+(C41*$C$113)+(C42*$C$114) -> 4372.8854 | D49: =(D38*$C$112)+(D41*$C$113)+(D42*$C$114) -> 3186.2477 | E49: =(E38*$C$112)+(E41*$C$113)+(E42*$C$114) -> 7477.0445 | F49: =(F38*$C$112)+(F41*$C$113)+(F42*$C$114) -> 7087.3546 | G49: =(G38*$C$112)+(G41*$C$113)+(G42*$C$114) -> 7520.3251 | H49: =(H38*$C$112)+(H41*$C$113)+(H42*$C$114) -> 7754.567 | I49: =(I38*$C$112)+(I41*$C$113)+(I42*$C$114) -> 8405.401 | J49: =(J38*$C$112)+(J41*$C$113)+(J42*$C$114) -> 7255.224 | ... N49: =(N38*$C$112)+(N41*$C$113)+(N42*$C$114) -> 6613.1683 | O49: =SUM(C49:N49) -> 77064.329 | P49: =SUM(C49:E49) -> 15036.178 | Q49: =SUM(F49:H49) -> 22362.247 | R49: =SUM(I49:K49) -> 21529.852 | S49: =SUM(L49:N49) -> 18136.053
A50: Total Electrical Consumption (YB) | B50: GJ | C50: =(C39*$C$112) -> 0 | D50: =(D39*$C$112) -> 0 | E50: =(E39*$C$112) -> 0 | F50: =(F39*$C$112) -> 0 | G50: =(G39*$C$112) -> 0 | H50: =(H39*$C$112) -> 0 | I50: =(I39*$C$112) -> 0 | J50: =(J39*$C$112) -> 0 | ... N50: =(N39*$C$112) -> 38.130066 | O50: =SUM(C50:N50) -> 38.130066 | P50: =SUM(C50:E50) -> 0 | Q50: =SUM(F50:H50) -> 0 | R50: =SUM(I50:K50) -> 0 | S50: =SUM(L50:N50) -> 38.130066
A51: Total Electrical Consumption | B51: GJ | C51: =(C40*$C$112)+(C41*$C$113)+(C42*$C$114) -> 4372.8854 | D51: =(D40*$C$112)+(D41*$C$113)+(D42*$C$114) -> 3186.2477 | E51: =(E40*$C$112)+(E41*$C$113)+(E42*$C$114) -> 7477.0445 | F51: =(F40*$C$112)+(F41*$C$113)+(F42*$C$114) -> 7087.3546 | G51: =(G40*$C$112)+(G41*$C$113)+(G42*$C$114) -> 7520.3251 | H51: =(H40*$C$112)+(H41*$C$113)+(H42*$C$114) -> 7754.567 | I51: =(I40*$C$112)+(I41*$C$113)+(I42*$C$114) -> 8405.401 | J51: =(J40*$C$112)+(J41*$C$113)+(J42*$C$114) -> 7255.224 | ... N51: =(N40*$C$112)+(N41*$C$113)+(N42*$C$114) -> 6651.2984 | O51: =SUM(C51:N51) -> 77102.459 | P51: =SUM(C51:E51) -> 15036.178 | Q51: =SUM(F51:H51) -> 22362.247 | R51: =SUM(I51:K51) -> 21529.852 | S51: =SUM(L51:N51) -> 18174.183 | T51: = | U51: =O51/'Production, Raw Mat'!$O$5 -> 0.45484985 | V51: GJ/ton
A52: Total Renewable Energy (DV) | B52: GJ | C52: =(C34*C37*(4186/1000000)) -> 30.716868 | D52: =(D34*D37*(4186/1000000)) -> 232.87555 | E52: =(E34*E37*(4186/1000000)) -> 365.02339 | F52: =(F34*F37*(4186/1000000)) -> 401.05229 | G52: =(G34*G37*(4186/1000000)) -> 344.74222 | H52: =(H34*H37*(4186/1000000)) -> 2800.2582 | I52: =(I34*I37*(4186/1000000)) -> 4340.4215 | J52: =(J34*J37*(4186/1000000)) -> 7288.2237 | ... N52: =(N34*N37*(4186/1000000)) -> 199.44616 | O52: =SUM(C52:N52) -> 27549.175 | P52: =SUM(C52:E52) -> 628.61581 | Q52: =SUM(F52:H52) -> 3546.0527 | R52: =SUM(I52:K52) -> 17545.033 | S52: =SUM(L52:N52) -> 5829.4738
A53: Total Renewable Energy (YB) | B53: GJ | C53: =(C35*C37*(4186/1000000)) -> 0 | D53: =(D35*D37*(4186/1000000)) -> 0 | E53: =(E35*E37*(4186/1000000)) -> 0 | F53: =(F35*F37*(4186/1000000)) -> 0 | G53: =(G35*G37*(4186/1000000)) -> 0 | H53: =(H35*H37*(4186/1000000)) -> 0 | I53: =(I35*I37*(4186/1000000)) -> 0 | J53: =(J35*J37*(4186/1000000)) -> 0 | ... N53: =(N35*N37*(4186/1000000)) -> 0 | O53: =SUM(C53:N53) -> 0 | P53: =SUM(C53:E53) -> 0 | Q53: =SUM(F53:H53) -> 0 | R53: =SUM(I53:K53) -> 0 | S53: =SUM(L53:N53) -> 0
A54: Total Renewable Energy | B54: GJ | C54: =(C36*C37*(4186/1000000)) -> 30.716868 | D54: =(D36*D37*(4186/1000000)) -> 232.87555 | E54: =(E36*E37*(4186/1000000)) -> 365.02339 | F54: =(F36*F37*(4186/1000000)) -> 401.05229 | G54: =(G36*G37*(4186/1000000)) -> 344.74222 | H54: =(H36*H37*(4186/1000000)) -> 2800.2582 | I54: =(I36*I37*(4186/1000000)) -> 4340.4215 | J54: =(J36*J37*(4186/1000000)) -> 7288.2237 | ... N54: =(N36*N37*(4186/1000000)) -> 199.44616 | O54: =SUM(C54:N54) -> 27549.175 | P54: =SUM(C54:E54) -> 628.61581 | Q54: =SUM(F54:H54) -> 3546.0527 | R54: =SUM(I54:K54) -> 17545.033 | S54: =SUM(L54:N54) -> 5829.4738 | T54: = | U54: =O54/'Production, Raw Mat'!$O$5 -> 0.1625206 | V54: GJ/ton
A55: Total Energy Consumption-Coal, Biomass (DV) | B55: GJ | C55: =C43+C49 -> 56954.835 | D55: =D43+D49 -> 45040.775 | E55: =E43+E49 -> 112245.76 | F55: =F43+F49 -> 100857.76 | G55: =G43+G49 -> 101041.06 | H55: =H43+H49 -> 101790.14 | I55: =I43+I49 -> 115353.36 | J55: =J43+J49 -> 104506.86 | ... S55: =S43+S49 -> 254750.72
A56: Total Energy Consumption-Coal, Biomass (YB) | B56: GJ | C56: =C44+C50 -> 0 | D56: =D44+D50 -> 0 | E56: =E44+E50 -> 0 | F56: =F44+F50 -> 0 | G56: =G44+G50 -> 0 | H56: =H44+H50 -> 0 | I56: =I44+I50 -> 0 | J56: =J44+J50 -> 0 | ... S56: =S44+S50 -> 159699.73
A57: Total Energy Consumption-Coal, Biomass | B57: GJ | C57: =C45+C51 -> 56954.835 | D57: =D45+D51 -> 45040.775 | E57: =E45+E51 -> 112245.76 | F57: =F45+F51 -> 100857.76 | G57: =G45+G51 -> 101041.06 | H57: =H45+H51 -> 101790.14 | I57: =I45+I51 -> 115353.36 | J57: =J45+J51 -> 104506.86 | ... S57: =S45+S51 -> 255457.19
A58: Total Energy Consumption-Coal Gas (DV) | B58: GJ | C58: =C46+C49 -> 43634.45 | D58: =D46+D49 -> 24478.739 | E58: =E46+E49 -> 84955.73 | F58: =F46+F49 -> 77068.433 | G58: =G46+G49 -> 74996.182 | H58: =H46+H49 -> 76211.545 | I58: =I46+I49 -> 85632.676 | J58: =J46+J49 -> 75915.103 | ... N58: =N46+N49 -> 71207.284 | O58: =O49+O46 -> 792600 | P58: =P49+P46 -> 153068.92 | Q58: =Q49+Q46 -> 228276.16 | R58: =R49+R46 -> 222614.95 | S58: =S49+S46 -> 188639.97
A59: Total Energy Consumption-Coal Gas (YB) | B59: GJ | C59: =C47+C50 -> 0 | D59: =D47+D50 -> 0 | E59: =E47+E50 -> 0 | F59: =F47+F50 -> 0 | G59: =G47+G50 -> 0 | H59: =H47+H50 -> 0 | I59: =I47+I50 -> 0 | J59: =J47+J50 -> 0 | ... N59: =N47+N50 -> 38.130066 | O59: =O50+O47 -> 38.130066 | P59: =P50+P47 -> 0 | Q59: =Q50+Q47 -> 0 | R59: =R50+R47 -> 0 | S59: =S50+S47 -> 38.130066
A60: Total Energy Consumption-Coal Gas | B60: GJ | C60: =SUM(C58:C59) -> 43634.45 | D60: =SUM(D58:D59) -> 24478.739 | E60: =SUM(E58:E59) -> 84955.73 | F60: =SUM(F58:F59) -> 77068.433 | G60: =SUM(G58:G59) -> 74996.182 | H60: =SUM(H58:H59) -> 76211.545 | I60: =SUM(I58:I59) -> 85632.676 | J60: =SUM(J58:J59) -> 75915.103 | ... N60: =SUM(N58:N59) -> 71245.414 | O60: =O51+O48 -> 792638.13 | P60: =P51+P48 -> 153068.92 | Q60: =Q51+Q48 -> 228276.16 | R60: =R51+R48 -> 222614.95 | S60: =S51+S48 -> 188678.1
A61: Specific Energy Consumption-Coal, Biomass (DV) | B61: GJ/ton | C61: ='Energy, GHG'!C55/'Production, Raw Mat'!C3 -> 5.9266643 | D61: ='Energy, GHG'!D55/'Production, Raw Mat'!D3 -> 7.1379077 | E61: ='Energy, GHG'!E55/'Production, Raw Mat'!E3 -> 6.3297764 | F61: ='Energy, GHG'!F55/'Production, Raw Mat'!F3 -> 6.385239 | G61: ='Energy, GHG'!G55/'Production, Raw Mat'!G3 -> 6.2790402 | H61: ='Energy, GHG'!H55/'Production, Raw Mat'!H3 -> 6.2036837 | I61: ='Energy, GHG'!I55/'Production, Raw Mat'!I3 -> 6.2507495 | J61: ='Energy, GHG'!J55/'Production, Raw Mat'!J3 -> 6.4591626 | ... S61: ='Energy, GHG'!S55/'Production, Raw Mat'!S3 -> 6.3105131
A62: Specific Energy Consumption-Coal, Biomass (YB) | B62: GJ/ton | C62: ='Energy, GHG'!C56/'Production, Raw Mat'!C4 -> #DIV/0! | D62: ='Energy, GHG'!D56/'Production, Raw Mat'!D4 -> #DIV/0! | E62: ='Energy, GHG'!E56/'Production, Raw Mat'!E4 -> #DIV/0! | F62: ='Energy, GHG'!F56/'Production, Raw Mat'!F4 -> #DIV/0! | G62: ='Energy, GHG'!G56/'Production, Raw Mat'!G4 -> #DIV/0! | H62: ='Energy, GHG'!H56/'Production, Raw Mat'!H4 -> #DIV/0! | I62: ='Energy, GHG'!I56/'Production, Raw Mat'!I4 -> #DIV/0! | J62: ='Energy, GHG'!J56/'Production, Raw Mat'!J4 -> #DIV/0! | ... S62: ='Energy, GHG'!S56/'Production, Raw Mat'!S4 -> 376.946
A63: Specific Energy Consumption-Coal, Biomass | B63: GJ/ton | C63: ='Energy, GHG'!C57/'Production, Raw Mat'!C5 -> 5.9266643 | D63: ='Energy, GHG'!D57/'Production, Raw Mat'!D5 -> 7.1379077 | E63: ='Energy, GHG'!E57/'Production, Raw Mat'!E5 -> 6.3297764 | F63: ='Energy, GHG'!F57/'Production, Raw Mat'!F5 -> 6.385239 | G63: ='Energy, GHG'!G57/'Production, Raw Mat'!G5 -> 6.2790402 | H63: ='Energy, GHG'!H57/'Production, Raw Mat'!H5 -> 6.2036837 | I63: ='Energy, GHG'!I57/'Production, Raw Mat'!I5 -> 6.2507495 | J63: ='Energy, GHG'!J57/'Production, Raw Mat'!J5 -> 6.4591626 | ... S63: ='Energy, GHG'!S57/'Production, Raw Mat'!S5 -> 6.2622918
A64: Specific Energy Consumption-Coal Gas (DV) | B64: GJ/ton | C64: ='Energy, GHG'!C58/'Production, Raw Mat'!C3 -> 4.5405581 | D64: ='Energy, GHG'!D58/'Production, Raw Mat'!D3 -> 3.8793067 | E64: ='Energy, GHG'!E58/'Production, Raw Mat'!E3 -> 4.7908339 | F64: ='Energy, GHG'!F58/'Production, Raw Mat'!F3 -> 4.8791523 | G64: ='Energy, GHG'!G58/'Production, Raw Mat'!G3 -> 4.6605217 | H64: ='Energy, GHG'!H58/'Production, Raw Mat'!H3 -> 4.6447752 | I64: ='Energy, GHG'!I58/'Production, Raw Mat'!I3 -> 4.64025 | J64: ='Energy, GHG'!J58/'Production, Raw Mat'!J3 -> 4.6920172 | ... S64: ='Energy, GHG'!S58/'Production, Raw Mat'!S3 -> 4.6728623
A65: Specific Energy Consumption-Coal Gas (YB) | B65: GJ/ton | C65: ='Energy, GHG'!C59/'Production, Raw Mat'!C4 -> #DIV/0! | D65: ='Energy, GHG'!D59/'Production, Raw Mat'!D4 -> #DIV/0! | E65: ='Energy, GHG'!E59/'Production, Raw Mat'!E4 -> #DIV/0! | F65: ='Energy, GHG'!F59/'Production, Raw Mat'!F4 -> #DIV/0! | G65: ='Energy, GHG'!G59/'Production, Raw Mat'!G4 -> #DIV/0! | H65: ='Energy, GHG'!H59/'Production, Raw Mat'!H4 -> #DIV/0! | I65: ='Energy, GHG'!I59/'Production, Raw Mat'!I4 -> #DIV/0! | J65: ='Energy, GHG'!J59/'Production, Raw Mat'!J4 -> #DIV/0! | ... S65: ='Energy, GHG'!S59/'Production, Raw Mat'!S4 -> 0.09
A66: Specific Energy Consumption-Coal Gas | B66: GJ/ton | C66: ='Energy, GHG'!C60/'Production, Raw Mat'!C5 -> 4.5405581 | D66: ='Energy, GHG'!D60/'Production, Raw Mat'!D5 -> 3.8793067 | E66: ='Energy, GHG'!E60/'Production, Raw Mat'!E5 -> 4.7908339 | F66: ='Energy, GHG'!F60/'Production, Raw Mat'!F5 -> 4.8791523 | G66: ='Energy, GHG'!G60/'Production, Raw Mat'!G5 -> 4.6605217 | H66: ='Energy, GHG'!H60/'Production, Raw Mat'!H5 -> 4.6447752 | I66: ='Energy, GHG'!I60/'Production, Raw Mat'!I5 -> 4.64025 | J66: ='Energy, GHG'!J60/'Production, Raw Mat'!J5 -> 4.6920172 | ... S66: ='Energy, GHG'!S60/'Production, Raw Mat'!S5 -> 4.6252656
C67: =C31+C69 -> 17330 | D67: =D31+D69 -> 17932 | E67: =E31+E69 -> 31613
A68: Greenhouse Gas Emission | B68: unit | C68: Jan | D68: Feb | E68: Mar | F68: Apr | G68: May | H68: Jun | I68: Jul | J68: Aug | K68: Sep | L68: Oct | M68: Nov | N68: Dec | O68: YTD | P68: Q1 | Q68: Q2 | R68: Q3 | S68: Q4
A69: Diesel oil (Station)/ Dầu cho máy phát điện | B69: Litre | C69: 2000 | D69: 0 | E69: 5500 | F69: 2000 | G69: 0 | H69: 0 | I69: 2000 | J69: 0 | K69: 4000 | L69: 0 | M69: 5000 | N69: 18000 | O69: =SUM(C69:N69) -> 38500 | P69: =SUM(C69:E69) -> 7500 | Q69: =SUM(F69:H69) -> 2000 | R69: =SUM(I69:K69) -> 6000 | S69: =SUM(L69:N69) -> 23000
A70: Acetylene (Station)/ Khí axetilen cho máy Oxi Axetilen | B70: kg | O70: =SUM(C70:N70) -> 0 | P70: =SUM(C70:E70) -> 0 | Q70: =SUM(F70:H70) -> 0 | R70: =SUM(I70:K70) -> 0 | S70: =SUM(L70:N70) -> 0
A71: LPG for Welding (Station)/ Gas cho máy cắt Oxi Axetilen (hàn) | B71: kg | C71: 72 | D71: =9*12 -> 108 | E71: 12 | F71: 12 | G71: 24 | H71: 12 | I71: 0 | M71: =3*12 -> 36 | N71: 0 | O71: =SUM(C71:N71) -> 276 | P71: =SUM(C71:E71) -> 192 | Q71: =SUM(F71:H71) -> 48 | R71: =SUM(I71:K71) -> 0 | S71: =SUM(L71:N71) -> 36
A72: Calcium Carbonate ≥900OC (process)/ Bột CaCO3 | B72: ton | C72: 1185.21 | D72: ='Production, Raw Mat'!D8 -> 903.63 | E72: ='Production, Raw Mat'!E8 -> 2451.735 | F72: ='Production, Raw Mat'!F8 -> 2133.495 | G72: ='Production, Raw Mat'!G8 -> 2066.22 | H72: ='Production, Raw Mat'!H8 -> 2160.795 | I72: ='Production, Raw Mat'!I8 -> 2501.265 | J72: ='Production, Raw Mat'!J8 -> 2094.69 | K72: ='Production, Raw Mat'!K8 -> 1523.34 | ... N72: ='Production, Raw Mat'!N8 -> 1872.75 | O72: =SUM(C72:N72) -> 22141.635 | P72: =SUM(C72:E72) -> 4540.575 | Q72: =SUM(F72:H72) -> 6360.51 | R72: =SUM(I72:K72) -> 6119.295 | S72: =SUM(L72:N72) -> 5121.255
A73: Anaerobic Wastewater: Average of flow | B73: m3/day
A74: Anaerobic Wastewater: COD (Enter anaerobic zone)/ Nhu cầu Oxi để oxi hóa | B74: mg COD/l
A75: Anaerobic Wastewater: COD (Exit anaerobic zone) | B75: mg COD/l
A76: Anaerobic Wastewater: Summary | B76: kg CH4 | C76: =((C73*31)*((C74-C75)/1000)*0.25*0.8) -> 0 | D76: =((D73*28)*((D74-D75)/1000)*0.25*0.8) -> 0 | E76: =((E73*31)*((E74-E75)/1000)*0.25*0.8) -> 0 | F76: =((F73*30)*((F74-F75)/1000)*0.25*0.8) -> 0 | G76: =((G73*31)*((G74-G75)/1000)*0.25*0.8) -> 0 | H76: =((H73*30)*((H74-H75)/1000)*0.25*0.8) -> 0 | I76: =((I73*31)*((I74-I75)/1000)*0.25*0.8) -> 0 | J76: =((J73*31)*((J74-J75)/1000)*0.25*0.8) -> 0 | K76: =((K73*30)*((K74-K75)/1000)*0.25*0.8) -> 0 | L76: =((L73*31)*((L74-L75)/1000)*0.25*0.8) -> 0 | M76: =((M73*30)*((M74-M75)/1000)*0.25*0.8) -> 0 | N76: =((N73*31)*((N74-N75)/1000)*0.25*0.8) -> 0
A77: Coal Gas CO2 Conversion factor (DV) | B77: kgCO2/Mcal | C77: =IF(C23=0,0,((C3*C18*(4186/1000000)*$F$100)+(C4*C19*(4186/1000000)*$F$100)+(C5*C20*(4186/1000000)*$F$100)+(C38*$F$112*1000))/(C23)) -> 0.6201387 | D77: =IF(D23=0,0,((D3*D18*(4186/1000000)*$F$100)+(D4*D19*(4186/1000000)*$F$100)+(D5*D20*(4186/1000000)*$F$100)+(D38*$F$112*1000))/(D23)) -> 0.90408315 | E77: =IF(E23=0,0,((E3*E18*(4186/1000000)*$F$100)+(E4*E19*(4186/1000000)*$F$100)+(E5*E20*(4186/1000000)*$F$100)+(E38*$F$112*1000))/(E23)) -> 0.61116246 | F77: =IF(F23=0,0,((F3*F18*(4186/1000000)*$F$100)+(F4*F19*(4186/1000000)*$F$100)+(F5*F20*(4186/1000000)*$F$100)+(F38*$F$112*1000))/(F23)) -> 0.6064482 | G77: =IF(G23=0,0,((G3*G18*(4186/1000000)*$F$100)+(G4*G19*(4186/1000000)*$F$100)+(G5*G20*(4186/1000000)*$F$100)+(G38*$F$112*1000))/(G23)) -> 0.63572977 | H77: =IF(H23=0,0,((H3*H18*(4186/1000000)*$F$100)+(H4*H19*(4186/1000000)*$F$100)+(H5*H20*(4186/1000000)*$F$100)+(H38*$F$112*1000))/(H23)) -> 0.61882888 | I77: =IF(I23=0,0,((I3*I18*(4186/1000000)*$F$100)+(I4*I19*(4186/1000000)*$F$100)+(I5*I20*(4186/1000000)*$F$100)+(I38*$F$112*1000))/(I23)) -> 0.6183947 | J77: =IF(J23=0,0,((J3*J18*(4186/1000000)*$F$100)+(J4*J19*(4186/1000000)*$F$100)+(J5*J20*(4186/1000000)*$F$100)+(J38*$F$112*1000))/(J23)) -> 0.60165259 | ... N77: =IF(N23=0,0,((N3*N18*(4186/1000000)*$F$100)+(N4*N19*(4186/1000000)*$F$100)+(N5*N20*(4186/1000000)*$F$100)+(N38*$F$112*1000))/(N23)) -> 0.64528063 | O77: =IF(O23=0,"0",(SUMPRODUCT(C23:N23,C77:N77)/O23)) -> 0.62310478 | P77: =IF(P23=0,"0",(SUMPRODUCT(C23:E23,C77:E77)/P23)) -> 0.65830552 | Q77: =IF(Q23=0,"0",(SUMPRODUCT(F23:H23,F77:H77)/Q23)) -> 0.62015057 | R77: =IF(R23=0,"0",(SUMPRODUCT(I23:K23,I77:K77)/R23)) -> 0.60228163 | S77: =IF(S23=0,"0",(SUMPRODUCT(L23:N23,L77:N77)/S23)) -> 0.62280974
A78: Coal Gas CO2 Conversion factor(YB) | B78: kgCO2/Mcal | C78: =IF(C24=0,0,((C7*C18*(4186/1000000)*$F$100)+(C8*C19*(4186/1000000)*$F$100)+(C9*C20*(4186/1000000)*$F$100)+(C39*$F$112*1000))/(C24)) -> 0 | D78: =IF(D24=0,0,((D7*D18*(4186/1000000)*$F$100)+(D8*D19*(4186/1000000)*$F$100)+(D9*D20*(4186/1000000)*$F$100)+(D39*$F$112*1000))/(D24)) -> 0 | E78: =IF(E24=0,0,((E7*E18*(4186/1000000)*$F$100)+(E8*E19*(4186/1000000)*$F$100)+(E9*E20*(4186/1000000)*$F$100)+(E39*$F$112*1000))/(E24)) -> 0 | F78: =IF(F24=0,0,((F7*F18*(4186/1000000)*$F$100)+(F8*F19*(4186/1000000)*$F$100)+(F9*F20*(4186/1000000)*$F$100)+(F39*$F$112*1000))/(F24)) -> 0 | G78: =IF(G24=0,0,((G7*G18*(4186/1000000)*$F$100)+(G8*G19*(4186/1000000)*$F$100)+(G9*G20*(4186/1000000)*$F$100)+(G39*$F$112*1000))/(G24)) -> 0 | H78: =IF(H24=0,0,((H7*H18*(4186/1000000)*$F$100)+(H8*H19*(4186/1000000)*$F$100)+(H9*H20*(4186/1000000)*$F$100)+(H39*$F$112*1000))/(H24)) -> 0 | I78: =IF(I24=0,0,((I7*I18*(4186/1000000)*$F$100)+(I8*I19*(4186/1000000)*$F$100)+(I9*I20*(4186/1000000)*$F$100)+(I39*$F$112*1000))/(I24)) -> 0 | J78: =IF(J24=0,0,((J7*J18*(4186/1000000)*$F$100)+(J8*J19*(4186/1000000)*$F$100)+(J9*J20*(4186/1000000)*$F$100)+(J39*$F$112*1000))/(J24)) -> 0 | ... N78: =IF(N24=0,0,((N7*N18*(4186/1000000)*$F$100)+(N8*N19*(4186/1000000)*$F$100)+(N9*N20*(4186/1000000)*$F$100)+(N39*$F$112*1000))/(N24)) -> 0 | O78: =IF(O24=0,"0",(SUMPRODUCT(C24:N24,C78:N78)/O24)) -> 0 | P78: =IF(P24=0,"0",(SUMPRODUCT(C24:E24,C78:E78)/P24)) -> 0 | Q78: =IF(Q24=0,"0",(SUMPRODUCT(F24:H24,F78:H78)/Q24)) -> 0 | R78: =IF(R24=0,"0",(SUMPRODUCT(I24:K24,I78:K78)/R24)) -> 0 | S78: =IF(S24=0,"0",(SUMPRODUCT(L24:N24,L78:N78)/S24)) -> 0
A79: Total Coal Gas CO2 Conversion factor | B79: kgCO2/Mcal | C79: =IF(C25=0,0,((C11*C18*(4186/1000000)*$F$100)+(C12*C19*(4186/1000000)*$F$100)+(C13*C20*(4186/1000000)*$F$100)+(C40*$F$112*1000))/(C25)) -> 0.6201387 | D79: =IF(D25=0,0,((D11*D18*(4186/1000000)*$F$100)+(D12*D19*(4186/1000000)*$F$100)+(D13*D20*(4186/1000000)*$F$100)+(D40*$F$112*1000))/(D25)) -> 0.90408315 | E79: =IF(E25=0,0,((E11*E18*(4186/1000000)*$F$100)+(E12*E19*(4186/1000000)*$F$100)+(E13*E20*(4186/1000000)*$F$100)+(E40*$F$112*1000))/(E25)) -> 0.61116246 | F79: =IF(F25=0,0,((F11*F18*(4186/1000000)*$F$100)+(F12*F19*(4186/1000000)*$F$100)+(F13*F20*(4186/1000000)*$F$100)+(F40*$F$112*1000))/(F25)) -> 0.6064482 | G79: =IF(G25=0,0,((G11*G18*(4186/1000000)*$F$100)+(G12*G19*(4186/1000000)*$F$100)+(G13*G20*(4186/1000000)*$F$100)+(G40*$F$112*1000))/(G25)) -> 0.63572977 | H79: =IF(H25=0,0,((H11*H18*(4186/1000000)*$F$100)+(H12*H19*(4186/1000000)*$F$100)+(H13*H20*(4186/1000000)*$F$100)+(H40*$F$112*1000))/(H25)) -> 0.61882888 | I79: =IF(I25=0,0,((I11*I18*(4186/1000000)*$F$100)+(I12*I19*(4186/1000000)*$F$100)+(I13*I20*(4186/1000000)*$F$100)+(I40*$F$112*1000))/(I25)) -> 0.6183947 | J79: =IF(J25=0,0,((J11*J18*(4186/1000000)*$F$100)+(J12*J19*(4186/1000000)*$F$100)+(J13*J20*(4186/1000000)*$F$100)+(J40*$F$112*1000))/(J25)) -> 0.60165259 | ... N79: =IF(N25=0,0,((N11*N18*(4186/1000000)*$F$100)+(N12*N19*(4186/1000000)*$F$100)+(N13*N20*(4186/1000000)*$F$100)+(N40*$F$112*1000))/(N25)) -> 0.65014995 | O79: =IF(O25=0,"0",(SUMPRODUCT(C25:N25,C79:N79)/O25)) -> 0.62354094 | P79: =IF(P25=0,"0",(SUMPRODUCT(C25:E25,C79:E79)/P25)) -> 0.65830552 | Q79: =IF(Q25=0,"0",(SUMPRODUCT(F25:H25,F79:H79)/Q25)) -> 0.62015057 | R79: =IF(R25=0,"0",(SUMPRODUCT(I25:K25,I79:K79)/R25)) -> 0.60228163 | S79: =IF(S25=0,"0",(SUMPRODUCT(L25:N25,L79:N79)/S25)) -> 0.6246475
A80: Total GHG Scope1-Coal (DV) | B80: Ton CO2 | C80: =((C3*C18*(4186/1000000)*$F$100)+(C4*C19*(4186/1000000)*$F$100)+(C5*C20*(4186/1000000)*$F$100)+(C6*C21*(4186/1000000)*$F$100)+(C26*$F$101)+(C27*$F$102)+(C28*$F$103)+(C29*$F$104)+(C30*$F$106)+(C31*$F$107)+(C32*$F$109)+(C69*$F$108)+(C70*$F$115)+(C71*$F$104)+(C72*$F$116)+(C76*$F$117))/1000 -> 5553.124 | D80: =((D3*D18*(4186/1000000)*$F$100)+(D4*D19*(4186/1000000)*$F$100)+(D5*D20*(4186/1000000)*$F$100)+(D6*D21*(4186/1000000)*$F$100)+(D26*$F$101)+(D27*$F$102)+(D28*$F$103)+(D29*$F$104)+(D30*$F$106)+(D31*$F$107)+(D32*$F$109)+(D69*$F$108)+(D70*$F$115)+(D71*$F$104)+(D72*$F$116)+(D76*$F$117))/1000 -> 4379.793 | E80: =((E3*E18*(4186/1000000)*$F$100)+(E4*E19*(4186/1000000)*$F$100)+(E5*E20*(4186/1000000)*$F$100)+(E6*E21*(4186/1000000)*$F$100)+(E26*$F$101)+(E27*$F$102)+(E28*$F$103)+(E29*$F$104)+(E30*$F$106)+(E31*$F$107)+(E32*$F$109)+(E69*$F$108)+(E70*$F$115)+(E71*$F$104)+(E72*$F$116)+(E76*$F$117))/1000 -> 11076.764 | F80: =((F3*F18*(4186/1000000)*$F$100)+(F4*F19*(4186/1000000)*$F$100)+(F5*F20*(4186/1000000)*$F$100)+(F6*F21*(4186/1000000)*$F$100)+(F26*$F$101)+(F27*$F$102)+(F28*$F$103)+(F29*$F$104)+(F30*$F$106)+(F31*$F$107)+(F32*$F$109)+(F69*$F$108)+(F70*$F$115)+(F71*$F$104)+(F72*$F$116)+(F76*$F$117))/1000 -> 9882.4969 | G80: =((G3*G18*(4186/1000000)*$F$100)+(G4*G19*(4186/1000000)*$F$100)+(G5*G20*(4186/1000000)*$F$100)+(G6*G21*(4186/1000000)*$F$100)+(G26*$F$101)+(G27*$F$102)+(G28*$F$103)+(G29*$F$104)+(G30*$F$106)+(G31*$F$107)+(G32*$F$109)+(G69*$F$108)+(G70*$F$115)+(G71*$F$104)+(G72*$F$116)+(G76*$F$117))/1000 -> 9832.6548 | H80: =((H3*H18*(4186/1000000)*$F$100)+(H4*H19*(4186/1000000)*$F$100)+(H5*H20*(4186/1000000)*$F$100)+(H6*H21*(4186/1000000)*$F$100)+(H26*$F$101)+(H27*$F$102)+(H28*$F$103)+(H29*$F$104)+(H30*$F$106)+(H31*$F$107)+(H32*$F$109)+(H69*$F$108)+(H70*$F$115)+(H71*$F$104)+(H72*$F$116)+(H76*$F$117))/1000 -> 9689.2606 | I80: =((I3*I18*(4186/1000000)*$F$100)+(I4*I19*(4186/1000000)*$F$100)+(I5*I20*(4186/1000000)*$F$100)+(I6*I21*(4186/1000000)*$F$100)+(I26*$F$101)+(I27*$F$102)+(I28*$F$103)+(I29*$F$104)+(I30*$F$106)+(I31*$F$107)+(I32*$F$109)+(I69*$F$108)+(I70*$F$115)+(I71*$F$104)+(I72*$F$116)+(I76*$F$117))/1000 -> 10927.69 | J80: =((J3*J18*(4186/1000000)*$F$100)+(J4*J19*(4186/1000000)*$F$100)+(J5*J20*(4186/1000000)*$F$100)+(J6*J21*(4186/1000000)*$F$100)+(J26*$F$101)+(J27*$F$102)+(J28*$F$103)+(J29*$F$104)+(J30*$F$106)+(J31*$F$107)+(J32*$F$109)+(J69*$F$108)+(J70*$F$115)+(J71*$F$104)+(J72*$F$116)+(J76*$F$117))/1000 -> 9536.9825 | ... S80: =((S3*S18*(4186/1000000)*$F$100)+(S4*S19*(4186/1000000)*$F$100)+(S5*S20*(4186/1000000)*$F$100)+(S6*S21*(4186/1000000)*$F$100)+(S26*$F$101)+(S27*$F$102)+(S28*$F$103)+(S29*$F$104)+(S30*$F$106)+(S31*$F$107)+(S32*$F$109)+(S69*$F$108)+(S70*$F$115)+(S71*$F$104)+(S72*$F$116)+(S76*$F$117))/1000 -> 24334.083
A81: Total GHG Scope1-Coal (YB) | B81: Ton CO2 | C81: =(((C7*C18*(4186/1000000)*$F$100))+((C8*C19*(4186/1000000)*$F$100))+((C9*C20*(4186/1000000))+((C10*C21*(4186/1000000)*$F$100)))/1000) -> 0 | D81: =(((D7*D18*(4186/1000000)*$F$100)+(D8*D19*(4186/1000000)*$F$100)+(D9*D20*(4186/1000000)+(D10*D21*(4186/1000000)*$F$100)))/1000) -> 0 | E81: =(((E7*E18*(4186/1000000)*$F$100)+(E8*E19*(4186/1000000)*$F$100)+(E9*E20*(4186/1000000)+(E10*E21*(4186/1000000)*$F$100)))/1000) -> 0 | F81: =(((F7*F18*(4186/1000000)*$F$100)+(F8*F19*(4186/1000000)*$F$100)+(F9*F20*(4186/1000000)+(F10*F21*(4186/1000000)*$F$100)))/1000) -> 0 | G81: =(((G7*G18*(4186/1000000)*$F$100)+(G8*G19*(4186/1000000)*$F$100)+(G9*G20*(4186/1000000)+(G10*G21*(4186/1000000)*$F$100)))/1000) -> 0 | H81: =(((H7*H18*(4186/1000000)*$F$100)+(H8*H19*(4186/1000000)*$F$100)+(H9*H20*(4186/1000000)+(H10*H21*(4186/1000000)*$F$100)))/1000) -> 0 | I81: =(((I7*I18*(4186/1000000)*$F$100)+(I8*I19*(4186/1000000)*$F$100)+(I9*I20*(4186/1000000)+(I10*I21*(4186/1000000)*$F$100)))/1000) -> 0 | J81: =(((J7*J18*(4186/1000000)*$F$100)+(J8*J19*(4186/1000000)*$F$100)+(J9*J20*(4186/1000000)+(J10*J21*(4186/1000000)*$F$100)))/1000) -> 0 | K81: =(((K7*K18*(4186/1000000)*$F$100)+(K8*K19*(4186/1000000)*$F$100)+(K9*K20*(4186/1000000)+(K10*K21*(4186/1000000)*$F$100)))/1000) -> 0 | ... S81: =(((S7*S18*(4186/1000000)*$F$100)+(S8*S19*(4186/1000000)*$F$100)+(S9*S20*(4186/1000000)+(S10*S21*(4186/1000000)*$F$100)))/1000) -> 64.160973
A82: Total GHG Scope1-Coal | B82: Ton CO2 | C82: =SUM(C80:C81) -> 5553.124 | D82: =SUM(D80:D81) -> 4379.793 | E82: =SUM(E80:E81) -> 11076.764 | F82: =SUM(F80:F81) -> 9882.4969 | G82: =SUM(G80:G81) -> 9832.6548 | H82: =SUM(H80:H81) -> 9689.2606 | I82: =SUM(I80:I81) -> 10927.69 | J82: =SUM(J80:J81) -> 9536.9825 | ... N82: =SUM(N80:N81) -> 9613.3697 | O82: =SUM(C82:N82) -> 102495.24 | P82: =SUM(C82:E82) -> 21009.681 | Q82: =SUM(F82:H82) -> 29404.412 | R82: =SUM(I82:K82) -> 27682.905 | S82: =SUM(L82:N82) -> 24398.244
A83: Total GHG Scope1-Coal Gas (DV) | B83: Ton CO2 | C83: =((C23*C77)+(C26*$F$101)+(C27*$F$102)+(C28*$F$103)+(C29*$F$104)+(C30*$F$106)+(C31*$F$107)+(C32*$F$109)+(C69*$F$108)+(C70*$F$115)+(C71*$F$104)+(C72*$F$116)+(C76*$F$117))/1000 -> 6291.7328 | D83: =((D23*D77)+(D26*$F$101)+(D27*$F$102)+(D28*$F$103)+(D29*$F$104)+(D30*$F$106)+(D31*$F$107)+(D32*$F$109)+(D69*$F$108)+(D70*$F$115)+(D71*$F$104)+(D72*$F$116)+(D76*$F$117))/1000 -> 4904.4648 | E83: =((E23*E77)+(E26*$F$101)+(E27*$F$102)+(E28*$F$103)+(E29*$F$104)+(E30*$F$106)+(E31*$F$107)+(E32*$F$109)+(E69*$F$108)+(E70*$F$115)+(E71*$F$104)+(E72*$F$116)+(E76*$F$117))/1000 -> 12308.448 | F83: =((F23*F77)+(F26*$F$101)+(F27*$F$102)+(F28*$F$103)+(F29*$F$104)+(F30*$F$106)+(F31*$F$107)+(F32*$F$109)+(F69*$F$108)+(F70*$F$115)+(F71*$F$104)+(F72*$F$116)+(F76*$F$117))/1000 -> 11012.715 | G83: =((G23*G77)+(G26*$F$101)+(G27*$F$102)+(G28*$F$103)+(G29*$F$104)+(G30*$F$106)+(G31*$F$107)+(G32*$F$109)+(G69*$F$108)+(G70*$F$115)+(G71*$F$104)+(G72*$F$116)+(G76*$F$117))/1000 -> 11079.226 | H83: =((H23*H77)+(H26*$F$101)+(H27*$F$102)+(H28*$F$103)+(H29*$F$104)+(H30*$F$106)+(H31*$F$107)+(H32*$F$109)+(H69*$F$108)+(H70*$F$115)+(H71*$F$104)+(H72*$F$116)+(H76*$F$117))/1000 -> 11002.203 | I83: =((I23*I77)+(I26*$F$101)+(I27*$F$102)+(I28*$F$103)+(I29*$F$104)+(I30*$F$106)+(I31*$F$107)+(I32*$F$109)+(I69*$F$108)+(I70*$F$115)+(I71*$F$104)+(I72*$F$116)+(I76*$F$117))/1000 -> 12430.279 | J83: =((J23*J77)+(J26*$F$101)+(J27*$F$102)+(J28*$F$103)+(J29*$F$104)+(J30*$F$106)+(J31*$F$107)+(J32*$F$109)+(J69*$F$108)+(J70*$F$115)+(J71*$F$104)+(J72*$F$116)+(J76*$F$117))/1000 -> 10721.683 | ... N83: =((N23*N77)+(N26*$F$101)+(N27*$F$102)+(N28*$F$103)+(N29*$F$104)+(N30*$F$106)+(N31*$F$107)+(N32*$F$109)+(N69*$F$108)+(N70*$F$115)+(N71*$F$104)+(N72*$F$116)+(N76*$F$117))/1000 -> 10656.962 | O83: =SUM(C83:N83) -> 115375.52 | P83: =SUM(C83:E83) -> 23504.646 | Q83: =SUM(F83:H83) -> 33094.144 | R83: =SUM(I83:K83) -> 31414.182 | S83: =SUM(L83:N83) -> 27362.549
A84: Total GHG Scope1-Coal Gas (YB) | B84: Ton CO2 | C84: =(C24*C78) -> 0 | D84: =(D24*D78) -> 0 | E84: =(E24*E78) -> 0 | F84: =(F24*F78) -> 0 | G84: =(G24*G78) -> 0 | H84: =(H24*H78) -> 0 | I84: =(I24*I78) -> 0 | J84: =(J24*J78) -> 0 | ... N84: =(N24*N78) -> 0 | O84: =SUM(C84:N84) -> 0 | P84: =SUM(C84:E84) -> 0 | Q84: =SUM(F84:H84) -> 0 | R84: =SUM(I84:K84) -> 0 | S84: =SUM(L84:N84) -> 0
A85: Total GHG Scope1-Coal Gas | B85: Ton CO2 | C85: =SUM(C83:C84) -> 6291.7328 | D85: =SUM(D83:D84) -> 4904.4648 | E85: =SUM(E83:E84) -> 12308.448 | F85: =SUM(F83:F84) -> 11012.715 | G85: =SUM(G83:G84) -> 11079.226 | H85: =SUM(H83:H84) -> 11002.203 | I85: =SUM(I83:I84) -> 12430.279 | J85: =SUM(J83:J84) -> 10721.683 | ... N85: =SUM(N83:N84) -> 10656.962 | O85: =SUM(C85:N85) -> 115375.52 | P85: =SUM(C85:E85) -> 23504.646 | Q85: =SUM(F85:H85) -> 33094.144 | R85: =SUM(I85:K85) -> 31414.182 | S85: =SUM(L85:N85) -> 27362.549
A86: Total GHG Scope2 (DV) | B86: Ton CO2 | C86: =(C33*$F$110)+(C38*$F$112)+(C41*$F$113) -> 1050.5857 | D86: =(D33*$F$110)+(D38*$F$112)+(D41*$F$113) -> 765.49601 | E86: =(E33*$F$110)+(E38*$F$112)+(E41*$F$113) -> 1796.3599 | F86: =(F33*$F$110)+(F38*$F$112)+(F41*$F$113) -> 1702.7369 | G86: =(G33*$F$110)+(G38*$F$112)+(G41*$F$113) -> 1806.7581 | H86: =(H33*$F$110)+(H38*$F$112)+(H41*$F$113) -> 1863.0347 | I86: =(I33*$F$110)+(I38*$F$112)+(I41*$F$113) -> 2019.3976 | J86: =(J33*$F$110)+(J38*$F$112)+(J41*$F$113) -> 1743.0676 | ... N86: =(N33*$F$110)+(N38*$F$112)+(N41*$F$113) -> 1588.8137 | O86: =SUM(C86:N86) -> 18514.705 | P86: =SUM(C86:E86) -> 3612.4417 | Q86: =SUM(F86:H86) -> 5372.5298 | R86: =SUM(I86:K86) -> 5172.5469 | S86: =SUM(L86:N86) -> 4357.1866
A87: Total GHG Scope2 (YB) | B87: Ton CO2 | C87: =(C39*$F$112) -> 0 | D87: =(D39*$F$112) -> 0 | E87: =(E39*$F$112) -> 0 | F87: =(F39*$F$112) -> 0 | G87: =(G39*$F$112) -> 0 | H87: =(H39*$F$112) -> 0 | I87: =(I39*$F$112) -> 0 | J87: =(J39*$F$112) -> 0 | ... N87: =(N39*$F$112) -> 9.1607484 | O87: =SUM(C87:N87) -> 9.1607484 | P87: =SUM(C87:E87) -> 0 | Q87: =SUM(F87:H87) -> 0 | R87: =SUM(I87:K87) -> 0 | S87: =SUM(L87:N87) -> 9.1607484
A88: Total GHG Scope2 | B88: Ton CO2 | C88: =SUM(C86:C87) -> 1050.5857 | D88: =SUM(D86:D87) -> 765.49601 | E88: =SUM(E86:E87) -> 1796.3599 | F88: =SUM(F86:F87) -> 1702.7369 | G88: =SUM(G86:G87) -> 1806.7581 | H88: =SUM(H86:H87) -> 1863.0347 | I88: =SUM(I86:I87) -> 2019.3976 | J88: =SUM(J86:J87) -> 1743.0676 | ... N88: =SUM(N86:N87) -> 1597.9744 | O88: =SUM(C88:N88) -> 18523.866 | P88: =SUM(C88:E88) -> 3612.4417 | Q88: =SUM(F88:H88) -> 5372.5298 | R88: =SUM(I88:K88) -> 5172.5469 | S88: =SUM(L88:N88) -> 4366.3474
A89: Specific GHG Scope1-Coal (DV) | B89: kgCO2/ton | C89: ='Energy, GHG'!C80*1000/'Production, Raw Mat'!C$3 -> 577.85264 | D89: ='Energy, GHG'!D80*1000/'Production, Raw Mat'!D$3 -> 694.09459 | E89: ='Energy, GHG'!E80*1000/'Production, Raw Mat'!E$3 -> 624.64222 | F89: ='Energy, GHG'!F80*1000/'Production, Raw Mat'!F$3 -> 625.65445 | G89: ='Energy, GHG'!G80*1000/'Production, Raw Mat'!G$3 -> 611.03512 | H89: ='Energy, GHG'!H80*1000/'Production, Raw Mat'!H$3 -> 590.51995 | I89: ='Energy, GHG'!I80*1000/'Production, Raw Mat'!I$3 -> 592.14797 | J89: ='Energy, GHG'!J80*1000/'Production, Raw Mat'!J$3 -> 589.44379 | ... S89: ='Energy, GHG'!S80*1000/'Production, Raw Mat'!S$3 -> 602.78751
A90: Specific GHG Scope1-Coal (YB) | B90: kgCO2/ton | C90: ='Energy, GHG'!C81*1000/'Production, Raw Mat'!C$4 -> #DIV/0! | D90: ='Energy, GHG'!D81*1000/'Production, Raw Mat'!D$4 -> #DIV/0! | E90: ='Energy, GHG'!E81*1000/'Production, Raw Mat'!E$4 -> #DIV/0! | F90: ='Energy, GHG'!F81*1000/'Production, Raw Mat'!F$4 -> #DIV/0! | G90: ='Energy, GHG'!G81*1000/'Production, Raw Mat'!G$4 -> #DIV/0! | H90: ='Energy, GHG'!H81*1000/'Production, Raw Mat'!H$4 -> #DIV/0! | I90: ='Energy, GHG'!I81*1000/'Production, Raw Mat'!I$4 -> #DIV/0! | J90: ='Energy, GHG'!J81*1000/'Production, Raw Mat'!J$4 -> #DIV/0! | ... L90: ='Energy, GHG'!L81*1000/'Production, Raw Mat'!L$4 -> #DIV/0! | M90: ='Energy, GHG'!M81*1000/'Production, Raw Mat'!M$3 -> 0 | N90: ='Energy, GHG'!N81*1000/'Production, Raw Mat'!N$3 -> 4.1180915 | O90: ='Energy, GHG'!O81*1000/'Production, Raw Mat'!O$3 -> 0 | P90: ='Energy, GHG'!P81*1000/'Production, Raw Mat'!P$3 -> 0 | Q90: ='Energy, GHG'!Q81*1000/'Production, Raw Mat'!Q$3 -> 0 | R90: ='Energy, GHG'!R81*1000/'Production, Raw Mat'!R$3 -> 0 | S90: ='Energy, GHG'!S81*1000/'Production, Raw Mat'!S$3 -> 1.5893524
A91: Specific GHG Scope1-Coal | B91: kgCO2/ton | C91: ='Energy, GHG'!C82*1000/'Production, Raw Mat'!C$5 -> 577.85264 | D91: ='Energy, GHG'!D82*1000/'Production, Raw Mat'!D$5 -> 694.09459 | E91: ='Energy, GHG'!E82*1000/'Production, Raw Mat'!E$5 -> 624.64222 | F91: ='Energy, GHG'!F82*1000/'Production, Raw Mat'!F$5 -> 625.65445 | G91: ='Energy, GHG'!G82*1000/'Production, Raw Mat'!G$5 -> 611.03512 | H91: ='Energy, GHG'!H82*1000/'Production, Raw Mat'!H$5 -> 590.51995 | I91: ='Energy, GHG'!I82*1000/'Production, Raw Mat'!I$5 -> 592.14797 | J91: ='Energy, GHG'!J82*1000/'Production, Raw Mat'!J$5 -> 589.44379 | ... L91: ='Energy, GHG'!L82*1000/'Production, Raw Mat'!L$5 -> 612.79921 | M91: ='Energy, GHG'!M82*1000/'Production, Raw Mat'!M$3 -> 579.87221 | N91: ='Energy, GHG'!N82*1000/'Production, Raw Mat'!N$5 -> 600.68783 | O91: ='Energy, GHG'!O82*1000/'Production, Raw Mat'!O$5 -> 604.64927 | P91: ='Energy, GHG'!P82*1000/'Production, Raw Mat'!P$5 -> 624.30363 | Q91: ='Energy, GHG'!Q82*1000/'Production, Raw Mat'!Q$5 -> 608.84662 | R91: ='Energy, GHG'!R82*1000/'Production, Raw Mat'!R$5 -> 591.88545 | S91: ='Energy, GHG'!S82*1000/'Production, Raw Mat'!S$5 -> 598.09992
A92: Specific GHG Scope1-Coal Gas (DV) | B92: kgCO2/ton | C92: ='Energy, GHG'!C83*1000/'Production, Raw Mat'!C$3 -> 654.71155 | D92: ='Energy, GHG'!D83*1000/'Production, Raw Mat'!D$3 -> 777.24277 | E92: ='Energy, GHG'!E83*1000/'Production, Raw Mat'!E$3 -> 694.09953 | F92: ='Energy, GHG'!F83*1000/'Production, Raw Mat'!F$3 -> 697.20784 | G92: ='Energy, GHG'!G83*1000/'Production, Raw Mat'!G$3 -> 688.50133 | H92: ='Energy, GHG'!H83*1000/'Production, Raw Mat'!H$3 -> 670.53833 | I92: ='Energy, GHG'!I83*1000/'Production, Raw Mat'!I$3 -> 673.57001 | J92: ='Energy, GHG'!J83*1000/'Production, Raw Mat'!J$3 -> 662.66549 | ... S92: ='Energy, GHG'!S83*1000/'Production, Raw Mat'!S$3 -> 677.80664
A93: Specific GHG Scope1-Coal Gas (YB) | B93: kgCO2/ton | C93: ='Energy, GHG'!C84*1000/'Production, Raw Mat'!C$4 -> #DIV/0! | D93: ='Energy, GHG'!D84*1000/'Production, Raw Mat'!D$4 -> #DIV/0! | E93: ='Energy, GHG'!E84*1000/'Production, Raw Mat'!E$4 -> #DIV/0! | F93: ='Energy, GHG'!F84*1000/'Production, Raw Mat'!F$4 -> #DIV/0! | G93: ='Energy, GHG'!G84*1000/'Production, Raw Mat'!G$4 -> #DIV/0! | H93: ='Energy, GHG'!H84*1000/'Production, Raw Mat'!H$4 -> #DIV/0! | I93: ='Energy, GHG'!I84*1000/'Production, Raw Mat'!I$4 -> #DIV/0! | J93: ='Energy, GHG'!J84*1000/'Production, Raw Mat'!J$4 -> #DIV/0! | ... S93: ='Energy, GHG'!S84*1000/'Production, Raw Mat'!S$4 -> 0
A94: Specific GHG Scope1-Coal Gas | B94: kgCO2/ton | C94: ='Energy, GHG'!C85*1000/'Production, Raw Mat'!C$5 -> 654.71155 | D94: ='Energy, GHG'!D85*1000/'Production, Raw Mat'!D$5 -> 777.24277 | E94: ='Energy, GHG'!E85*1000/'Production, Raw Mat'!E$5 -> 694.09953 | F94: ='Energy, GHG'!F85*1000/'Production, Raw Mat'!F$5 -> 697.20784 | G94: ='Energy, GHG'!G85*1000/'Production, Raw Mat'!G$5 -> 688.50133 | H94: ='Energy, GHG'!H85*1000/'Production, Raw Mat'!H$5 -> 670.53833 | I94: ='Energy, GHG'!I85*1000/'Production, Raw Mat'!I$5 -> 673.57001 | J94: ='Energy, GHG'!J85*1000/'Production, Raw Mat'!J$5 -> 662.66549 | ... S94: ='Energy, GHG'!S85*1000/'Production, Raw Mat'!S$5 -> 670.76707
A95: Specific GHG Scope2 (DV) | B95: kgCO2/ton | C95: ='Energy, GHG'!C86*1000/'Production, Raw Mat'!C$3 -> 109.32292 | D95: ='Energy, GHG'!D86*1000/'Production, Raw Mat'!D$3 -> 121.31318 | E95: ='Energy, GHG'!E86*1000/'Production, Raw Mat'!E$3 -> 101.30055 | F95: ='Energy, GHG'!F86*1000/'Production, Raw Mat'!F$3 -> 107.79917 | G95: ='Energy, GHG'!G86*1000/'Production, Raw Mat'!G$3 -> 112.27819 | H95: ='Energy, GHG'!H86*1000/'Production, Raw Mat'!H$3 -> 113.54418 | I95: ='Energy, GHG'!I86*1000/'Production, Raw Mat'!I$3 -> 109.4268 | J95: ='Energy, GHG'!J86*1000/'Production, Raw Mat'!J$3 -> 107.73222 | ... L95: ='Energy, GHG'!L86*1000/'Production, Raw Mat'!L$3 -> 113.20533 | M95: =M86*1000/'Production, Raw Mat'!M$3 -> 110.1323 | N95: =N86*1000/'Production, Raw Mat'!N$3 -> 101.97601 | O95: =O86*1000/'Production, Raw Mat'!O$3 -> 109.4973 | P95: =P86*1000/'Production, Raw Mat'!P$3 -> 107.34387 | Q95: =Q86*1000/'Production, Raw Mat'!Q$3 -> 111.24339 | R95: =R86*1000/'Production, Raw Mat'!R$3 -> 110.59371 | S95: =S86*1000/'Production, Raw Mat'!S$3 -> 107.93329
A96: Specific GHG Scope2 (YB) | B96: kgCO2/ton | C96: ='Energy, GHG'!C87*1000/'Production, Raw Mat'!C$4 -> #DIV/0! | D96: ='Energy, GHG'!D87*1000/'Production, Raw Mat'!D$4 -> #DIV/0! | E96: ='Energy, GHG'!E87*1000/'Production, Raw Mat'!E$4 -> #DIV/0! | F96: ='Energy, GHG'!F87*1000/'Production, Raw Mat'!F$4 -> #DIV/0! | G96: ='Energy, GHG'!G87*1000/'Production, Raw Mat'!G$4 -> #DIV/0! | H96: ='Energy, GHG'!H87*1000/'Production, Raw Mat'!H$4 -> #DIV/0! | I96: ='Energy, GHG'!I87*1000/'Production, Raw Mat'!I$4 -> #DIV/0! | J96: ='Energy, GHG'!J87*1000/'Production, Raw Mat'!J$4 -> #DIV/0! | ... L96: ='Energy, GHG'!L87*1000/'Production, Raw Mat'!L$4 -> #DIV/0! | M96: =M87*1000/'Production, Raw Mat'!M$3 -> 0 | N96: =N87*1000/'Production, Raw Mat'!N$3 -> 0.58797114 | O96: =O87*1000/'Production, Raw Mat'!O$3 -> 0.054177328 | P96: =P87*1000/'Production, Raw Mat'!P$3 -> 0 | Q96: =Q87*1000/'Production, Raw Mat'!Q$3 -> 0 | R96: =R87*1000/'Production, Raw Mat'!R$3 -> 0 | S96: =S87*1000/'Production, Raw Mat'!S$3 -> 0.22692389
A97: Specific GHG Scope2 | B97: kgCO2/ton | C97: ='Energy, GHG'!C88*1000/'Production, Raw Mat'!C$5 -> 109.32292 | D97: ='Energy, GHG'!D88*1000/'Production, Raw Mat'!D$5 -> 121.31318 | E97: ='Energy, GHG'!E88*1000/'Production, Raw Mat'!E$5 -> 101.30055 | F97: ='Energy, GHG'!F88*1000/'Production, Raw Mat'!F$5 -> 107.79917 | G97: ='Energy, GHG'!G88*1000/'Production, Raw Mat'!G$5 -> 112.27819 | H97: ='Energy, GHG'!H88*1000/'Production, Raw Mat'!H$5 -> 113.54418 | I97: ='Energy, GHG'!I88*1000/'Production, Raw Mat'!I$5 -> 109.4268 | J97: ='Energy, GHG'!J88*1000/'Production, Raw Mat'!J$5 -> 107.73222 | ... L97: ='Energy, GHG'!L88*1000/'Production, Raw Mat'!L$5 -> 113.20533 | M97: =M88*1000/'Production, Raw Mat'!M$3 -> 110.1323 | N97: =N88*1000/'Production, Raw Mat'!N$5 -> 99.848838 | O97: =O88*1000/'Production, Raw Mat'!O$5 -> 109.27768 | P97: =P88*1000/'Production, Raw Mat'!P$5 -> 107.34387 | Q97: =Q88*1000/'Production, Raw Mat'!Q$5 -> 111.24339 | R97: =R88*1000/'Production, Raw Mat'!R$5 -> 110.59371 | S97: =S88*1000/'Production, Raw Mat'!S$5 -> 107.03688
C98: =C91+C97 -> 687.17556 | D98: =D91+D97 -> 815.40777 | E98: =E91+E97 -> 725.94277 | F98: =F91+F97 -> 733.45362 | G98: =G91+G97 -> 723.31331 | H98: =H91+H97 -> 704.06413 | I98: =I91+I97 -> 701.57477 | J98: =J91+J97 -> 697.17601 | ... O98: =O91+O97 -> 713.92694
A99: Conversion Factor | B99: Heat unit to GJ (Energy) | E99: Heat unit to kg CO2 eq | H99: =G98-H98 -> 19.249179
A100: Coal/ Than | E100: kgCO2eq/GJ | F100: 96 | G100: Plant
A101: Lignite/Than non | B101: GJ/Ton | D101: Plant | E101: kgCO2eq/Ton | G101: Plant
...

Sheet Energy, GHG (2)
A2: Energy Consumption | B2: unit | C2: Jan | D2: Feb | E2: Mar | F2: Apr | G2: May | H2: Jun | I2: Jul | J2: Aug | K2: Sep | L2: Oct | M2: Nov | N2: Dec | O2: YTD | P2: Q1 | Q2: Q2 | R2: Q3 | S2: Q4
A3: Coal/ Than 5A (DV) | B3: Ton | C3: 1233.522 | D3: 983 | E3: =2414661/1000 -> 2414.661 | F3: =2198795/1000 -> 2198.795 | G3: =2197301/1000 -> 2197.301 | P3: =SUM(C3:E3) -> 4631.183 | Q3: =SUM(F3:H3) -> 4396.096 | R3: =SUM(I3:K3) -> 0 | S3: =SUM(L3:N3) -> 0
A4: Coal/ Than 4A.1 (DV) | B4: Ton | C4: 443 | D4: =251250/1000 -> 251.25 | E4: =543069/1000 -> 543.069 | F4: =88335/1000 -> 88.335 | G4: 574 | P4: =SUM(C4:E4) -> 1237.319 | Q4: =SUM(F4:H4) -> 662.335 | R4: =SUM(I4:K4) -> 0 | S4: =SUM(L4:N4) -> 0
A5: Coal/ Than import coal (DV) (than nhập khẩu) | B5: Ton | C5: 0 | D5: =92480/1000 -> 92.48 | E5: =430117/1000 -> 430.117 | F5: =722734/1000 -> 722.734 | G5: 0 | P5: =SUM(C5:E5) -> 522.597 | Q5: =SUM(F5:H5) -> 722.734 | R5: =SUM(I5:K5) -> 0 | S5: =SUM(L5:N5) -> 0
A6: Than cám qua sàng / Than 5A under screen DV | B6: Ton | C6: 114 | D6: 88 | E6: =206339/1000 -> 206.339 | F6: =209205/1000 -> 209.205 | G6: =204699/1000 -> 204.699 | P6: =SUM(C6:E6) -> 408.339 | Q6: =SUM(F6:H6) -> 413.904 | R6: =SUM(I6:K6) -> 0 | S6: =SUM(L6:N6) -> 0
A7: Coal/ Than 5A (YB) | B7: Ton | C7: 0 | D7: 0 | E7: 0 | P7: =SUM(C7:E7) -> 0 | Q7: =SUM(F7:H7) -> 0 | R7: =SUM(I7:K7) -> 0 | S7: =SUM(L7:N7) -> 0
A8: Coal/ Than 4A.1 (YB) | B8: Ton | C8: 0 | D8: 0 | E8: 0 | P8: =SUM(C8:E8) -> 0 | Q8: =SUM(F8:H8) -> 0 | R8: =SUM(I8:K8) -> 0 | S8: =SUM(L8:N8) -> 0
A9: Coal/ Than import coal (YB) (than nhập khẩu) | B9: Ton | C9: 0 | D9: 0 | E9: 0 | P9: =SUM(C9:E9) -> 0 | Q9: =SUM(F9:H9) -> 0 | R9: =SUM(I9:K9) -> 0 | S9: =SUM(L9:N9) -> 0
A10: Than cám qua sàng / Than 5A under screen YB | B10: Ton | C10: 0 | D10: 0 | E10: 0 | P10: =SUM(C10:L10) -> 0 | Q10: =SUM(F10:H10) -> 0 | R10: =SUM(I10:K10) -> 0 | S10: =SUM(L10:N10) -> 0
A11: Coal/ Than 5A (DV+YB) | B11: Ton | C11: =C3+C7 -> 1233.522 | D11: =D3+D7 -> 983 | E11: =E3+E7 -> 2414.661 | F11: =F3+F7 -> 2198.795 | G11: =G3+G7 -> 2197.301 | H11: =H3+H7 -> 0 | I11: =I3+I7 -> 0 | J11: =J3+J7 -> 0 | ... S11: =S3+S7 -> 0
A12: Coal/ Than 4A.1 (DV+YB) | B12: Ton | C12: =C4+C8 -> 443 | D12: =D4+D8 -> 251.25 | E12: =E4+E8 -> 543.069 | F12: =F4+F8 -> 88.335 | G12: =G4+G8 -> 574 | H12: =H4+H8 -> 0 | I12: =I4+I8 -> 0 | J12: =J4+J8 -> 0 | ... S12: =S4+S8 -> 0
A13: Coal/ Than import coal (DV+YB) | B13: Ton | C13: =C5+C9 -> 0 | D13: =D5+D9 -> 92.48 | E13: =E5+E9 -> 430.117 | F13: =F5+F9 -> 722.734 | G13: =G5+G9 -> 0 | H13: =H5+H9 -> 0 | I13: =I5+I9 -> 0 | J13: =J5+J9 -> 0 | ... S13: =S5+S9 -> 0
A14: Coal/ Than 5A under screen (DV+YB) | B14: Ton | C14: =C6+C10 -> 114 | D14: =D6+D10 -> 88 | E14: =E6+E10 -> 206.339 | F14: =F6+F10 -> 209.205 | G14: =G6+G10 -> 204.699 | H14: =H6+H10 -> 0 | I14: =I6+I10 -> 0 | J14: =J6+J10 -> 0 | ... T14: =T6+T10 -> 0
A15: Total Coal DV | B15: Ton | C15: =SUM(C3:C6) -> 1790.522 | D15: =SUM(D3:D6) -> 1414.73 | E15: =SUM(E3:E6) -> 3594.186 | F15: =SUM(F3:F6) -> 3219.069 | G15: =SUM(G3:G6) -> 2976 | H15: =SUM(H3:H6) -> 0 | I15: =SUM(I3:I6) -> 0 | J15: =SUM(J3:J6) -> 0 | ... S15: =SUM(S3:S6) -> 0
A16: Total Coal YB | B16: Ton | C16: =SUM(C7:C10) -> 0 | D16: =SUM(D7:D10) -> 0 | E16: =SUM(E7:E10) -> 0 | F16: =SUM(F7:F10) -> 0 | G16: =SUM(G7:G10) -> 0 | H16: =SUM(H7:H10) -> 0 | I16: =SUM(I7:I10) -> 0 | J16: =SUM(J7:J10) -> 0 | ... S16: =SUM(S7:S10) -> 0
A17: Total Coal | B17: Ton | C17: =SUM(C15:C16) -> 1790.522 | D17: =SUM(D15:D16) -> 1414.73 | E17: =SUM(E15:E16) -> 3594.186 | F17: =SUM(F15:F16) -> 3219.069 | G17: =SUM(G15:G16) -> 2976 | H17: =SUM(H15:H16) -> 0 | I17: =SUM(I15:I16) -> 0 | J17: =SUM(J15:J16) -> 0 | ... O17: =SUM(O15:O16) -> 0 | P17: =SUM(P11:P13) -> 6391.099 | Q17: =SUM(Q11:Q13) -> 5781.165 | R17: =SUM(R11:R13) -> 0 | S17: =SUM(S11:S13) -> 0
A18: Coal heating value 5A (Nhiệt trị theo báo cáo gửi ban NL) | B18: cal/g | C18: 7350 | D18: 7350 | E18: 7350 | F18: 7350 | G18: 7350 | H18: 7350 | I18: 7350 | J18: 7350 | K18: 7350 | L18: 7350 | M18: 7350 | N18: 7350 | O18: 7350 | P18: 7350 | Q18: 7350 | R18: 7350 | S18: 7350
A19: Coal heating value 4A.1 (lấy theo nhiệt trị của ban NL) | B19: cal/g | C19: 5780 | D19: 5780 | E19: 5780 | F19: 5780 | G19: 5780 | H19: 5780 | I19: 5780 | J19: 5780 | K19: 5780 | L19: 5780 | M19: 5780 | N19: 5780 | O19: 5780 | P19: 5780 | Q19: 5780 | R19: 5780 | S19: 5780
A20: Coal heating value import coal (Nhiệt trị theo ban NL) | B20: cal/g | C20: 5520 | D20: 5520 | E20: 5520 | F20: 5520 | G20: 5520 | H20: 5520 | I20: 5520 | J20: 5520 | K20: 5520 | L20: 5520 | M20: 5520 | N20: 5520 | O20: 5520 | P20: 5520 | Q20: 5520 | R20: 5520 | S20: 5520
A21: Coal heating value5A under screen (Nhiệt trị theo ban NL) | B21: cal/g | C21: 6810 | D21: 6810 | E21: 6810 | F21: 6810 | G21: 6810 | H21: 6810 | I21: 6810 | J21: 6810 | K21: 6810 | L21: 6810 | M21: 6810 | N21: 6810 | O21: 6810 | P21: 6810 | Q21: 6810 | R21: 6810 | S21: 6810
A22: Coal Heating Value average | B22: cal/g | C22: =((C11*C18)+(C12*C19)+(C13*C20)+(C14*C21))/C17 -> 6927.1792 | D22: =((D11*D18)+(D12*D19)+(D13*D20)+(D14*D21))/D17 -> 6917.9593 | E22: =((E11*E18)+(E12*E19)+(E13*E20)+(E14*E21))/E17 -> 6862.7811 | F22: =((F11*F18)+(F12*F19)+(F13*F20)+(F14*F21))/F17 -> 6860.958 | G22: =((G11*G18)+(G12*G19)+(G13*G20)+(G14*G21))/G17 -> 7010.0412 | H22: =((H11*H18)+(H12*H19)+(H13*H20)+(H14*H21))/H17 -> #DIV/0! | I22: =((I11*I18)+(I12*I19)+(I13*I20)+(I14*I21))/I17 -> #DIV/0! | J22: =((J11*J18)+(J12*J19)+(J13*J20)+(J14*J21))/J17 -> #DIV/0! | ... S22: =((S11*S18)+(S12*S19)+(S13*S20)+(S14*S21))/S17 -> #DIV/0!
A23: Coal Gas (DV) (Nhiệt trị theo phiếu kiểm tra) | B23: Mcal | C23: 9228477.4 | D23: 4930580 | E23: 18233956 | F23: 16498637 | G23: 15879436 | O23: =SUM(C23:N23) -> 64771087 | P23: =SUM(C23:E23) -> 32393014 | Q23: =SUM(F23:H23) -> 32378073 | R23: =SUM(I23:K23) -> 0 | S23: =SUM(L23:N23) -> 0
A24: Coal Gas (YB) (Nhiệt trị theo phiếu kiểm tra) | B24: Mcal | O24: =SUM(C24:N24) -> 0 | P24: =SUM(C24:E24) -> 0 | Q24: =SUM(F24:H24) -> 0 | R24: =SUM(I24:K24) -> 0 | S24: =SUM(L24:N24) -> 0
A25: Total Coal Gas | B25: Mcal | C25: =SUM(C23:C24) -> 9228477.4 | D25: =SUM(D23:D24) -> 4930580 | E25: =SUM(E23:E24) -> 18233956 | F25: =SUM(F23:F24) -> 16498637 | G25: =SUM(G23:G24) -> 15879436 | H25: =SUM(H23:H24) -> 0 | I25: =SUM(I23:I24) -> 0 | J25: =SUM(J23:J24) -> 0 | ... N25: =SUM(N23:N24) -> 0 | O25: =SUM(C25:N25) -> 64771087 | P25: =SUM(C25:E25) -> 32393014 | Q25: =SUM(F25:H25) -> 32378073 | R25: =SUM(I25:K25) -> 0 | S25: =SUM(L25:N25) -> 0
A26: Lignite/ Than non | B26: Ton | O26: =SUM(C26:N26) -> 0 | P26: =SUM(C26:E26) -> 0 | Q26: =SUM(F26:H26) -> 0 | R26: =SUM(I26:K26) -> 0 | S26: =SUM(L26:N26) -> 0
A27: Natural Gas/ Khí gas tự nhiên | B27: Ton | O27: =SUM(C27:N27) -> 0 | P27: =SUM(C27:E27) -> 0 | Q27: =SUM(F27:H27) -> 0 | R27: =SUM(I27:K27) -> 0 | S27: =SUM(L27:N27) -> 0
A28: Co-generation (Heat)/ Đồng phát nhiệt điện | B28: Ton | O28: =SUM(C28:N28) -> 0 | P28: =SUM(C28:E28) -> 0 | Q28: =SUM(F28:H28) -> 0 | R28: =SUM(I28:K28) -> 0 | S28: =SUM(L28:N28) -> 0
A29: LPG for Process used (Station)/ LPG dùng cho trạm (dùng cho lò nung) | B29: Ton | O29: =SUM(C29:N29) -> 0 | P29: =SUM(C29:E29) -> 0 | Q29: =SUM(F29:H29) -> 0 | R29: =SUM(I29:K29) -> 0 | S29: =SUM(L29:N29) -> 0
A30: Heavy fuel oil / Bunker oil/ Dầu nặng hoặc dàu chạy tàu | B30: Ton | O30: =SUM(C30:N30) -> 0 | P30: =SUM(C30:E30) -> 0 | Q30: =SUM(F30:H30) -> 0 | R30: =SUM(I30:K30) -> 0 | S30: =SUM(L30:N30) -> 0
A31: Diesel oil (Mobile) Dầu xe | B31: Litre | C31: 15330 | D31: 17932 | E31: 26113 | F31: 23200 | G31: 27582 | O31: =SUM(C31:N31) -> 110157 | P31: =SUM(C31:E31) -> 59375 | Q31: =SUM(F31:H31) -> 50782 | R31: =SUM(I31:K31) -> 0 | S31: =SUM(L31:N31) -> 0
A32: Gasoline (xăng bơm chữa cháy) | B32: Litre | C32: 0 | D32: 0 | E32: 0 | F32: 0 | G32: 0 | H32: 0 | I32: 0 | K32: 0 | L32: 0 | M32: 0 | N32: 0 | O32: =SUM(C32:N32) -> 0 | P32: =SUM(C32:E32) -> 0 | Q32: =SUM(F32:H32) -> 0 | R32: =SUM(I32:K32) -> 0 | S32: =SUM(L32:N32) -> 0
A33: Steam/ Hơi nước | B33: Ton | O33: =SUM(C33:N33) -> 0 | P33: =SUM(C33:E33) -> 0 | Q33: =SUM(F33:H33) -> 0 | R33: =SUM(I33:K33) -> 0 | S33: =SUM(L33:N33) -> 0
A34: Solid Biomass (DV) (Củi+rác đốt là cây...) | B34: Ton | C34: 2.446 | D34: =18544/1000 -> 18.544 | E34: =29067/1000 -> 29.067 | F34: =22056/1000 -> 22.056 | G34: =27452/1000 -> 27.452 | O34: =SUM(C34:N34) -> 99.565 | P34: =SUM(C34:E34) -> 50.057 | Q34: =SUM(F34:H34) -> 49.508 | R34: =SUM(I34:K34) -> 0 | S34: =SUM(L34:N34) -> 0
A35: Solid Biomass (YB) (Củi+rác đốt) | B35: Ton | C35: 0 | D35: 0 | E35: 0 | F35: 0 | G35: 0 | H35: 0 | I35: 0 | J35: 0 | K35: 0 | L35: 0 | M35: 0 | N35: 0 | O35: =SUM(C35:N35) -> 0 | P35: =SUM(C35:E35) -> 0 | Q35: =SUM(F35:H35) -> 0 | R35: =SUM(I35:K35) -> 0 | S35: =SUM(L35:N35) -> 0
A36: Total Solid Biomass | B36: Ton | C36: =SUM(C34:C35) -> 2.446 | D36: =SUM(D34:D35) -> 18.544 | E36: =SUM(E34:E35) -> 29.067 | F36: =SUM(F34:F35) -> 22.056 | G36: =SUM(G34:G35) -> 27.452 | H36: =SUM(H34:H35) -> 0 | I36: =SUM(I34:I35) -> 0 | J36: =SUM(J34:J35) -> 0 | ... S36: =SUM(S34:S35) -> 0
A37: Solid Biomass heating Value (Nhiệt trị) | B37: cal/g | C37: 3000 | D37: 3000 | E37: 3000 | F37: 3000 | G37: 3000 | H37: 3000 | I37: 3000 | J37: 3000 | K37: 3000 | L37: 3000 | M37: 3000 | N37: 3000 | O37: =IF(O36=0,"0",(SUMPRODUCT(C36:N36,C37:N37)/O36)) -> 3000 | P37: =IF(P36=0,"0",(SUMPRODUCT(C36:E36,C37:E37)/P36)) -> 3000 | Q37: =IF(Q36=0,"0",(SUMPRODUCT(F36:H36,F37:H37)/Q36)) -> 3000 | R37: =IF(R36=0,"0",(SUMPRODUCT(I36:K36,I37:K37)/R36)) -> 0 | S37: =IF(S36=0,"0",(SUMPRODUCT(L36:N36,L37:N37)/S36)) -> 0
A38: Electricity/ Điện (DV) | B38: MWh | C38: 1214.6904 | D38: =885068.799999999/1000 -> 885.0688 | E38: =2076956.8/1000 -> 2076.9568 | F38: =1968709.6/1000 -> 1968.7096 | G38: =2088979.2/1000 -> 2088.9792 | O38: =SUM(C38:N38) -> 8234.4048 | P38: =SUM(C38:E38) -> 4176.716 | Q38: =SUM(F38:H38) -> 4057.6888 | R38: =SUM(I38:K38) -> 0 | S38: =SUM(L38:N38) -> 0
A39: Electricity/ Điện (YB) | B39: MWh | C39: 0 | D39: 0 | E39: 0 | F39: 0 | G39: 0 | H39: 0 | I39: 0 | M39: 0 | N39: 0 | O39: =SUM(C39:N39) -> 0 | P39: =SUM(C39:E39) -> 0 | Q39: =SUM(F39:H39) -> 0 | R39: =SUM(I39:K39) -> 0 | S39: =SUM(L39:N39) -> 0
A40: Total Electricity | B40: MWh | C40: =SUM(C38:C39) -> 1214.6904 | D40: =SUM(D38:D39) -> 885.0688 | E40: =SUM(E38:E39) -> 2076.9568 | F40: =SUM(F38:F39) -> 1968.7096 | G40: =SUM(G38:G39) -> 2088.9792 | H40: =SUM(H38:H39) -> 0 | I40: =SUM(I38:I39) -> 0 | J40: =SUM(J38:J39) -> 0 | ... S40: =SUM(S38:S39) -> 0
A41: Co-generation (Power)/ Năng lượng đồng phát nhiệt điện | B41: MWh | O41: =SUM(O39:O40) -> 8234.4048 | P41: =SUM(P39:P40) -> 4176.716 | Q41: =SUM(Q39:Q40) -> 4057.6888 | R41: =SUM(R39:R40) -> 0 | S41: =SUM(S39:S40) -> 0
A42: Solar Cell (Renewable Energy)/ Năng lượng mặt trời | B42: MWh | O42: =SUM(O40:O41) -> 16468.81 | P42: =SUM(P40:P41) -> 8353.432 | Q42: =SUM(Q40:Q41) -> 8115.3776 | R42: =SUM(R40:R41) -> 0 | S42: =SUM(S40:S41) -> 0
A43: Total Thermal Consumption-Coal, Biomass (DV) | B43: GJ | C43: =(C3*C18*(4186/1000000))+(C4*C19*(4186/1000000))+(C5*C20*(4186/1000000))+(C6*C21*(4186/1000000)+(C26*$C$101)+(C27*$C$102)+(C28*$C$103)+(C29*$C$104)+(C30*$C$107)+(C31*$C$107)+(C32*$C$109)+(C33*$C$110)+(C34*C37*(4186/1000000))+(C69*$C$107)) -> 52581.95 | D43: =(D3*D18*(4186/1000000))+(D4*D19*(4186/1000000))+(D5*D20*(4186/1000000))+(D6*D21*(4186/1000000)+(D26*$C$101)+(D27*$C$102)+(D28*$C$103)+(D29*$C$104)+(D30*$C$107)+(D31*$C$107)+(D32*$C$109)+(D33*$C$110)+(D34*D37*(4186/1000000))+(D69*$C$107)) -> 41854.528 | E43: =(E3*E18*(4186/1000000))+(E4*E19*(4186/1000000))+(E5*E20*(4186/1000000))+(E6*E21*(4186/1000000)+(E26*$C$101)+(E27*$C$102)+(E28*$C$103)+(E29*$C$104)+(E30*$C$107)+(E31*$C$107)+(E32*$C$109)+(E33*$C$110)+(E34*E37*(4186/1000000))+(E69*$C$107)) -> 104768.71 | F43: =(F3*F18*(4186/1000000))+(F4*F19*(4186/1000000))+(F5*F20*(4186/1000000))+(F6*F21*(4186/1000000)+(F26*$C$101)+(F27*$C$102)+(F28*$C$103)+(F29*$C$104)+(F30*$C$107)+(F31*$C$107)+(F32*$C$109)+(F33*$C$110)+(F34*F37*(4186/1000000))+(F69*$C$107)) -> 93646.329 | G43: =(G3*G18*(4186/1000000))+(G4*G19*(4186/1000000))+(G5*G20*(4186/1000000))+(G6*G21*(4186/1000000)+(G26*$C$101)+(G27*$C$102)+(G28*$C$103)+(G29*$C$104)+(G30*$C$107)+(G31*$C$107)+(G32*$C$109)+(G33*$C$110)+(G34*G37*(4186/1000000))+(G69*$C$107)) -> 88677.119 | H43: =(H3*H18*(4186/1000000))+(H4*H19*(4186/1000000))+(H5*H20*(4186/1000000))+(H6*H21*(4186/1000000)+(H26*$C$101)+(H27*$C$102)+(H28*$C$103)+(H29*$C$104)+(H30*$C$107)+(H31*$C$107)+(H32*$C$109)+(H33*$C$110)+(H34*H37*(4186/1000000))+(H69*$C$107)) -> 0 | I43: =(I3*I18*(4186/1000000))+(I4*I19*(4186/1000000))+(I5*I20*(4186/1000000))+(I6*I21*(4186/1000000)+(I26*$C$101)+(I27*$C$102)+(I28*$C$103)+(I29*$C$104)+(I30*$C$107)+(I31*$C$107)+(I32*$C$109)+(I33*$C$110)+(I34*I37*(4186/1000000))+(I69*$C$107)) -> 0 | J43: =(J3*J18*(4186/1000000))+(J4*J19*(4186/1000000))+(J5*J20*(4186/1000000))+(J6*J21*(4186/1000000)+(J26*$C$101)+(J27*$C$102)+(J28*$C$103)+(J29*$C$104)+(J30*$C$107)+(J31*$C$107)+(J32*$C$109)+(J33*$C$110)+(J34*J37*(4186/1000000))+(J69*$C$107)) -> 0 | ... N43: =(N3*N18*(4186/1000000))+(N4*N19*(4186/1000000))+(N5*N20*(4186/1000000))+(N6*N21*(4186/1000000)+(N26*$C$101)+(N27*$C$102)+(N28*$C$103)+(N29*$C$104)+(N30*$C$107)+(N31*$C$107)+(N32*$C$109)+(N33*$C$110)+(N34*N37*(4186/1000000))+(N69*$C$107)) -> 0 | O43: =SUM(C43:N43) -> 381528.64 | P43: =SUM(C43:E43) -> 199205.19 | Q43: =SUM(F43:H43) -> 182323.45 | R43: =SUM(I43:K43) -> 0 | S43: =SUM(L43:N43) -> 0
A44: Total Thermal Consumption-Coal, Biomass (YB) | B44: GJ | C44: =(C7*C18)+(C8*C19)+(C9*C20)+(C10*C21)+(C35*C37*(4186/1000000)) -> 0 | D44: =(D7*D18)+(D8*D19)+(D9*D20)+(D10*D21)+(D35*D37*(4186/1000000)) -> 0 | E44: =(E7*E18)+(E8*E19)+(E9*E20)+(E10*E21)+(E35*E37*(4186/1000000)) -> 0 | F44: =(F7*F18)+(F8*F19)+(F9*F20)+(F10*F21)+(F35*F37*(4186/1000000)) -> 0 | G44: =(G7*G18)+(G8*G19)+(G9*G20)+(G10*G21)+(G35*G37*(4186/1000000)) -> 0 | H44: =(H7*H18)+(H8*H19)+(H9*H20)+(H10*H21)+(H35*H37*(4186/1000000)) -> 0 | I44: =(I7*I18)+(I8*I19)+(I9*I20)+(I10*I21)+(I35*I37*(4186/1000000)) -> 0 | J44: =(J7*J18)+(J8*J19)+(J9*J20)+(J10*J21)+(J35*J37*(4186/1000000)) -> 0 | ... N44: =(N7*N18)+(N8*N19)+(N9*N20)+(N10*N21)+(N35*N37*(4186/1000000)) -> 0 | O44: =SUM(C44:N44) -> 0 | P44: =SUM(C44:E44) -> 0 | Q44: =SUM(F44:H44) -> 0 | R44: =SUM(I44:K44) -> 0 | S44: =SUM(L44:N44) -> 0
A45: Total Thermal Consumption-Coal, Biomass | B45: GJ | C45: =(C11*C18*(4186/1000000))+(C12*C19*(4186/1000000))+(C13*C20*(4186/1000000))+(C14*C21*(4186/1000000))+(C26*$C$101)+(C27*$C$102)+(C28*$C$103)+(C29*$C$104)+(C30*$C$107)+(C31*$C$107)+(C32*$C$109)+(C33*$C$110)+(C36*C37*(4186/1000000))+(C69*$C$107) -> 52581.95 | D45: =(D11*D18*(4186/1000000))+(D12*D19*(4186/1000000))+(D13*D20*(4186/1000000))+(D14*D21*(4186/1000000))+(D26*$C$101)+(D27*$C$102)+(D28*$C$103)+(D29*$C$104)+(D30*$C$107)+(D31*$C$107)+(D32*$C$109)+(D33*$C$110)+(D36*D37*(4186/1000000))+(D69*$C$107) -> 41854.528 | E45: =(E11*E18*(4186/1000000))+(E12*E19*(4186/1000000))+(E13*E20*(4186/1000000))+(E14*E21*(4186/1000000))+(E26*$C$101)+(E27*$C$102)+(E28*$C$103)+(E29*$C$104)+(E30*$C$107)+(E31*$C$107)+(E32*$C$109)+(E33*$C$110)+(E36*E37*(4186/1000000))+(E69*$C$107) -> 104768.71 | F45: =(F11*F18*(4186/1000000))+(F12*F19*(4186/1000000))+(F13*F20*(4186/1000000))+(F14*F21*(4186/1000000))+(F26*$C$101)+(F27*$C$102)+(F28*$C$103)+(F29*$C$104)+(F30*$C$107)+(F31*$C$107)+(F32*$C$109)+(F33*$C$110)+(F36*F37*(4186/1000000))+(F69*$C$107) -> 93646.329 | G45: =(G11*G18*(4186/1000000))+(G12*G19*(4186/1000000))+(G13*G20*(4186/1000000))+(G14*G21*(4186/1000000))+(G26*$C$101)+(G27*$C$102)+(G28*$C$103)+(G29*$C$104)+(G30*$C$107)+(G31*$C$107)+(G32*$C$109)+(G33*$C$110)+(G36*G37*(4186/1000000))+(G69*$C$107) -> 88677.119 | H45: =(H11*H18*(4186/1000000))+(H12*H19*(4186/1000000))+(H13*H20*(4186/1000000))+(H14*H21*(4186/1000000))+(H26*$C$101)+(H27*$C$102)+(H28*$C$103)+(H29*$C$104)+(H30*$C$107)+(H31*$C$107)+(H32*$C$109)+(H33*$C$110)+(H36*H37*(4186/1000000))+(H69*$C$107) -> 0 | I45: =(I11*I18*(4186/1000000))+(I12*I19*(4186/1000000))+(I13*I20*(4186/1000000))+(I14*I21*(4186/1000000))+(I26*$C$101)+(I27*$C$102)+(I28*$C$103)+(I29*$C$104)+(I30*$C$107)+(I31*$C$107)+(I32*$C$109)+(I33*$C$110)+(I36*I37*(4186/1000000))+(I69*$C$107) -> 0 | J45: =(J11*J18*(4186/1000000))+(J12*J19*(4186/1000000))+(J13*J20*(4186/1000000))+(J14*J21*(4186/1000000))+(J26*$C$101)+(J27*$C$102)+(J28*$C$103)+(J29*$C$104)+(J30*$C$107)+(J31*$C$107)+(J32*$C$109)+(J33*$C$110)+(J36*J37*(4186/1000000))+(J69*$C$107) -> 0 | ... N45: =(N11*N18*(4186/1000000))+(N12*N19*(4186/1000000))+(N13*N20*(4186/1000000))+(N14*N21*(4186/1000000))+(N26*$C$101)+(N27*$C$102)+(N28*$C$103)+(N29*$C$104)+(N30*$C$107)+(N31*$C$107)+(N32*$C$109)+(N33*$C$110)+(N36*N37*(4186/1000000))+(N69*$C$107) -> 0 | O45: =SUM(C45:N45) -> 381528.64 | P45: =SUM(C45:E45) -> 199205.19 | Q45: =SUM(F45:H45) -> 182323.45 | R45: =SUM(I45:K45) -> 0 | S45: =SUM(L45:N45) -> 0 | T45: = | U45: =O45/'Production, Raw Mat'!$O$5 -> 2.2507485 | V45: GJ/ton
A46: Total Thermal Consumption-Coal Gas (DV) | B46: GJ | C46: =(C23*(4186/1000000))+(C26*$C$101)+(C27*$C$102)+(C28*$C$103)+(C29*$C$104)+(C30*$C$107)+(C31*$C$107)+(C32*$C$109)+(C33*$C$110)+(C69*$C$107) -> 39261.565 | D46: =(D23*(4186/1000000))+(D26*$C$101)+(D27*$C$102)+(D28*$C$103)+(D29*$C$104)+(D30*$C$107)+(D31*$C$107)+(D32*$C$109)+(D33*$C$110)+(D69*$C$107) -> 21292.491 | E46: =(E23*(4186/1000000))+(E26*$C$101)+(E27*$C$102)+(E28*$C$103)+(E29*$C$104)+(E30*$C$107)+(E31*$C$107)+(E32*$C$109)+(E33*$C$110)+(E69*$C$107) -> 77478.686 | F46: =(F23*(4186/1000000))+(F26*$C$101)+(F27*$C$102)+(F28*$C$103)+(F29*$C$104)+(F30*$C$107)+(F31*$C$107)+(F32*$C$109)+(F33*$C$110)+(F69*$C$107) -> 69981.078 | G46: =(G23*(4186/1000000))+(G26*$C$101)+(G27*$C$102)+(G28*$C$103)+(G29*$C$104)+(G30*$C$107)+(G31*$C$107)+(G32*$C$109)+(G33*$C$110)+(G69*$C$107) -> 67475.857 | H46: =(H23*(4186/1000000))+(H26*$C$101)+(H27*$C$102)+(H28*$C$103)+(H29*$C$104)+(H30*$C$107)+(H31*$C$107)+(H32*$C$109)+(H33*$C$110)+(H69*$C$107) -> 0 | I46: =(I23*(4186/1000000))+(I26*$C$101)+(I27*$C$102)+(I28*$C$103)+(I29*$C$104)+(I30*$C$107)+(I31*$C$107)+(I32*$C$109)+(I33*$C$110)+(I69*$C$107) -> 0 | J46: =(J23*(4186/1000000))+(J26*$C$101)+(J27*$C$102)+(J28*$C$103)+(J29*$C$104)+(J30*$C$107)+(J31*$C$107)+(J32*$C$109)+(J33*$C$110)+(J69*$C$107) -> 0 | ... N46: =(N23*(4186/1000000))+(N26*$C$101)+(N27*$C$102)+(N28*$C$103)+(N29*$C$104)+(N30*$C$107)+(N31*$C$107)+(N32*$C$109)+(N33*$C$110)+(N69*$C$107) -> 0 | O46: =SUM(C46:N46) -> 275489.68 | P46: =SUM(C46:E46) -> 138032.74 | Q46: =SUM(F46:H46) -> 137456.93 | R46: =SUM(I46:K46) -> 0 | S46: =SUM(L46:N46) -> 0
A47: Total Thermal Consumption-Coal Gas (YB) | B47: GJ | C47: =(C24*(4186/1000000)) -> 0 | D47: =(D24*(4186/1000000)) -> 0 | E47: =(E24*(4186/1000000)) -> 0 | F47: =(F24*(4186/1000000)) -> 0 | G47: =(G24*(4186/1000000)) -> 0 | H47: =(H24*(4186/1000000)) -> 0 | I47: =(I24*(4186/1000000)) -> 0 | J47: =(J24*(4186/1000000)) -> 0 | ... N47: =(N24*(4186/1000000)) -> 0 | O47: =SUM(C47:N47) -> 0 | P47: =SUM(C47:E47) -> 0 | Q47: =SUM(F47:H47) -> 0 | R47: =SUM(I47:K47) -> 0 | S47: =SUM(L47:N47) -> 0
A48: Total Thermal Consumption-Coal Gas | B48: GJ | C48: =(C25*(4186/1000000))+(C26*$C$101)+(C27*$C$102)+(C28*$C$103)+(C29*$C$104)+(C30*$C$107)+(C31*$C$107)+(C32*$C$109)+(C33*$C$110)+(C69*$C$107) -> 39261.565 | D48: =(D25*(4186/1000000))+(D26*$C$101)+(D27*$C$102)+(D28*$C$103)+(D29*$C$104)+(D30*$C$107)+(D31*$C$107)+(D32*$C$109)+(D33*$C$110)+(D69*$C$107) -> 21292.491 | E48: =(E25*(4186/1000000))+(E26*$C$101)+(E27*$C$102)+(E28*$C$103)+(E29*$C$104)+(E30*$C$107)+(E31*$C$107)+(E32*$C$109)+(E33*$C$110)+(E69*$C$107) -> 77478.686 | F48: =(F25*(4186/1000000))+(F26*$C$101)+(F27*$C$102)+(F28*$C$103)+(F29*$C$104)+(F30*$C$107)+(F31*$C$107)+(F32*$C$109)+(F33*$C$110)+(F69*$C$107) -> 69981.078 | G48: =(G25*(4186/1000000))+(G26*$C$101)+(G27*$C$102)+(G28*$C$103)+(G29*$C$104)+(G30*$C$107)+(G31*$C$107)+(G32*$C$109)+(G33*$C$110)+(G69*$C$107) -> 67475.857 | H48: =(H25*(4186/1000000))+(H26*$C$101)+(H27*$C$102)+(H28*$C$103)+(H29*$C$104)+(H30*$C$107)+(H31*$C$107)+(H32*$C$109)+(H33*$C$110)+(H69*$C$107) -> 0 | I48: =(I25*(4186/1000000))+(I26*$C$101)+(I27*$C$102)+(I28*$C$103)+(I29*$C$104)+(I30*$C$107)+(I31*$C$107)+(I32*$C$109)+(I33*$C$110)+(I69*$C$107) -> 0 | J48: =(J25*(4186/1000000))+(J26*$C$101)+(J27*$C$102)+(J28*$C$103)+(J29*$C$104)+(J30*$C$107)+(J31*$C$107)+(J32*$C$109)+(J33*$C$110)+(J69*$C$107) -> 0 | ... N48: =(N25*(4186/1000000))+(N26*$C$101)+(N27*$C$102)+(N28*$C$103)+(N29*$C$104)+(N30*$C$107)+(N31*$C$107)+(N32*$C$109)+(N33*$C$110)+(N69*$C$107) -> 0 | O48: =SUM(C48:N48) -> 275489.68 | P48: =SUM(C48:E48) -> 138032.74 | Q48: =SUM(F48:H48) -> 137456.93 | R48: =SUM(I48:K48) -> 0 | S48: =SUM(L48:N48) -> 0
A49: Total Electrical Consumption (DV) | B49: GJ | C49: =(C38*$C$112)+(C41*$C$113)+(C42*$C$114) -> 4372.8854 | D49: =(D38*$C$112)+(D41*$C$113)+(D42*$C$114) -> 3186.2477 | E49: =(E38*$C$112)+(E41*$C$113)+(E42*$C$114) -> 7477.0445 | F49: =(F38*$C$112)+(F41*$C$113)+(F42*$C$114) -> 7087.3546 | G49: =(G38*$C$112)+(G41*$C$113)+(G42*$C$114) -> 7520.3251 | H49: =(H38*$C$112)+(H41*$C$113)+(H42*$C$114) -> 0 | I49: =(I38*$C$112)+(I41*$C$113)+(I42*$C$114) -> 0 | J49: =(J38*$C$112)+(J41*$C$113)+(J42*$C$114) -> 0 | ... N49: =(N38*$C$112)+(N41*$C$113)+(N42*$C$114) -> 0 | O49: =SUM(C49:N49) -> 29643.857 | P49: =SUM(C49:E49) -> 15036.178 | Q49: =SUM(F49:H49) -> 14607.68 | R49: =SUM(I49:K49) -> 0 | S49: =SUM(L49:N49) -> 0
A50: Total Electrical Consumption (YB) | B50: GJ | C50: =(C39*$C$112) -> 0 | D50: =(D39*$C$112) -> 0 | E50: =(E39*$C$112) -> 0 | F50: =(F39*$C$112) -> 0 | G50: =(G39*$C$112) -> 0 | H50: =(H39*$C$112) -> 0 | I50: =(I39*$C$112) -> 0 | J50: =(J39*$C$112) -> 0 | ... N50: =(N39*$C$112) -> 0 | O50: =SUM(C50:N50) -> 0 | P50: =SUM(C50:E50) -> 0 | Q50: =SUM(F50:H50) -> 0 | R50: =SUM(I50:K50) -> 0 | S50: =SUM(L50:N50) -> 0
A51: Total Electrical Consumption | B51: GJ | C51: =(C40*$C$112)+(C41*$C$113)+(C42*$C$114) -> 4372.8854 | D51: =(D40*$C$112)+(D41*$C$113)+(D42*$C$114) -> 3186.2477 | E51: =(E40*$C$112)+(E41*$C$113)+(E42*$C$114) -> 7477.0445 | F51: =(F40*$C$112)+(F41*$C$113)+(F42*$C$114) -> 7087.3546 | G51: =(G40*$C$112)+(G41*$C$113)+(G42*$C$114) -> 7520.3251 | H51: =(H40*$C$112)+(H41*$C$113)+(H42*$C$114) -> 0 | I51: =(I40*$C$112)+(I41*$C$113)+(I42*$C$114) -> 0 | J51: =(J40*$C$112)+(J41*$C$113)+(J42*$C$114) -> 0 | ... N51: =(N40*$C$112)+(N41*$C$113)+(N42*$C$114) -> 0 | O51: =SUM(C51:N51) -> 29643.857 | P51: =SUM(C51:E51) -> 15036.178 | Q51: =SUM(F51:H51) -> 14607.68 | R51: =SUM(I51:K51) -> 0 | S51: =SUM(L51:N51) -> 0 | T51: = | U51: =O51/'Production, Raw Mat'!$O$5 -> 0.17487774 | V51: GJ/ton
A52: Total Renewable Energy (DV) | B52: GJ | C52: =(C34*C37*(4186/1000000)) -> 30.716868 | D52: =(D34*D37*(4186/1000000)) -> 232.87555 | E52: =(E34*E37*(4186/1000000)) -> 365.02339 | F52: =(F34*F37*(4186/1000000)) -> 276.97925 | G52: =(G34*G37*(4186/1000000)) -> 344.74222 | H52: =(H34*H37*(4186/1000000)) -> 0 | I52: =(I34*I37*(4186/1000000)) -> 0 | J52: =(J34*J37*(4186/1000000)) -> 0 | ... N52: =(N34*N37*(4186/1000000)) -> 0 | O52: =SUM(C52:N52) -> 1250.3373 | P52: =SUM(C52:E52) -> 628.61581 | Q52: =SUM(F52:H52) -> 621.72146 | R52: =SUM(I52:K52) -> 0 | S52: =SUM(L52:N52) -> 0
A53: Total Renewable Energy (YB) | B53: GJ | C53: =(C35*C37*(4186/1000000)) -> 0 | D53: =(D35*D37*(4186/1000000)) -> 0 | E53: =(E35*E37*(4186/1000000)) -> 0 | F53: =(F35*F37*(4186/1000000)) -> 0 | G53: =(G35*G37*(4186/1000000)) -> 0 | H53: =(H35*H37*(4186/1000000)) -> 0 | I53: =(I35*I37*(4186/1000000)) -> 0 | J53: =(J35*J37*(4186/1000000)) -> 0 | ... N53: =(N35*N37*(4186/1000000)) -> 0 | O53: =SUM(C53:N53) -> 0 | P53: =SUM(C53:E53) -> 0 | Q53: =SUM(F53:H53) -> 0 | R53: =SUM(I53:K53) -> 0 | S53: =SUM(L53:N53) -> 0
A54: Total Renewable Energy | B54: GJ | C54: =(C36*C37*(4186/1000000)) -> 30.716868 | D54: =(D36*D37*(4186/1000000)) -> 232.87555 | E54: =(E36*E37*(4186/1000000)) -> 365.02339 | F54: =(F36*F37*(4186/1000000)) -> 276.97925 | G54: =(G36*G37*(4186/1000000)) -> 344.74222 | H54: =(H36*H37*(4186/1000000)) -> 0 | I54: =(I36*I37*(4186/1000000)) -> 0 | J54: =(J36*J37*(4186/1000000)) -> 0 | ... N54: =(N36*N37*(4186/1000000)) -> 0 | O54: =SUM(C54:N54) -> 1250.3373 | P54: =SUM(C54:E54) -> 628.61581 | Q54: =SUM(F54:H54) -> 621.72146 | R54: =SUM(I54:K54) -> 0 | S54: =SUM(L54:N54) -> 0 | T54: = | U54: =O54/'Production, Raw Mat'!$O$5 -> 0.0073761035 | V54: GJ/ton
A55: Total Energy Consumption-Coal, Biomass (DV) | B55: GJ | C55: =C43+C49 -> 56954.835 | D55: =D43+D49 -> 45040.775 | E55: =E43+E49 -> 112245.76 | F55: =F43+F49 -> 100733.68 | G55: =G43+G49 -> 96197.444 | H55: =H43+H49 -> 0 | I55: =I43+I49 -> 0 | J55: =J43+J49 -> 0 | ... S55: =S43+S49 -> 0
A56: Total Energy Consumption-Coal, Biomass (YB) | B56: GJ | C56: =C44+C50 -> 0 | D56: =D44+D50 -> 0 | E56: =E44+E50 -> 0 | F56: =F44+F50 -> 0 | G56: =G44+G50 -> 0 | H56: =H44+H50 -> 0 | I56: =I44+I50 -> 0 | J56: =J44+J50 -> 0 | ... S56: =S44+S50 -> 0
A57: Total Energy Consumption-Coal, Biomass | B57: GJ | C57: =C45+C51 -> 56954.835 | D57: =D45+D51 -> 45040.775 | E57: =E45+E51 -> 112245.76 | F57: =F45+F51 -> 100733.68 | G57: =G45+G51 -> 96197.444 | H57: =H45+H51 -> 0 | I57: =I45+I51 -> 0 | J57: =J45+J51 -> 0 | ... S57: =S45+S51 -> 0
A58: Total Energy Consumption-Coal Gas (DV) | B58: GJ | C58: =C46+C49 -> 43634.45 | D58: =D46+D49 -> 24478.739 | E58: =E46+E49 -> 84955.73 | F58: =F46+F49 -> 77068.433 | G58: =G46+G49 -> 74996.182 | H58: =H46+H49 -> 0 | I58: =I46+I49 -> 0 | J58: =J46+J49 -> 0 | ... N58: =N46+N49 -> 0 | O58: =O49+O46 -> 305133.53 | P58: =P49+P46 -> 153068.92 | Q58: =Q49+Q46 -> 152064.61 | R58: =R49+R46 -> 0 | S58: =S49+S46 -> 0
A59: Total Energy Consumption-Coal Gas (YB) | B59: GJ | C59: =C47+C50 -> 0 | D59: =D47+D50 -> 0 | E59: =E47+E50 -> 0 | F59: =F47+F50 -> 0 | G59: =G47+G50 -> 0 | H59: =H47+H50 -> 0 | I59: =I47+I50 -> 0 | J59: =J47+J50 -> 0 | ... N59: =N47+N50 -> 0 | O59: =O50+O47 -> 0 | P59: =P50+P47 -> 0 | Q59: =Q50+Q47 -> 0 | R59: =R50+R47 -> 0 | S59: =S50+S47 -> 0
A60: Total Energy Consumption-Coal Gas | B60: GJ | C60: =SUM(C58:C59) -> 43634.45 | D60: =SUM(D58:D59) -> 24478.739 | E60: =SUM(E58:E59) -> 84955.73 | F60: =SUM(F58:F59) -> 77068.433 | G60: =SUM(G58:G59) -> 74996.182 | H60: =SUM(H58:H59) -> 0 | I60: =SUM(I58:I59) -> 0 | J60: =SUM(J58:J59) -> 0 | ... N60: =SUM(N58:N59) -> 0 | O60: =O51+O48 -> 305133.53 | P60: =P51+P48 -> 153068.92 | Q60: =Q51+Q48 -> 152064.61 | R60: =R51+R48 -> 0 | S60: =S51+S48 -> 0
A61: Specific Energy Consumption-Coal, Biomass (DV) | B61: GJ/ton | C61: ='Energy, GHG (2)'!C55/'Production, Raw Mat'!C3 -> 5.9266643 | D61: ='Energy, GHG (2)'!D55/'Production, Raw Mat'!D3 -> 7.1379077 | E61: ='Energy, GHG (2)'!E55/'Production, Raw Mat'!E3 -> 6.3297764 | F61: ='Energy, GHG (2)'!F55/'Production, Raw Mat'!F3 -> 6.377384 | G61: ='Energy, GHG (2)'!G55/'Production, Raw Mat'!G3 -> 5.9780413 | H61: ='Energy, GHG (2)'!H55/'Production, Raw Mat'!H3 -> 0 | I61: ='Energy, GHG (2)'!I55/'Production, Raw Mat'!I3 -> 0 | J61: ='Energy, GHG (2)'!J55/'Production, Raw Mat'!J3 -> 0 | ... S61: ='Energy, GHG (2)'!S55/'Production, Raw Mat'!S3 -> 0
A62: Specific Energy Consumption-Coal, Biomass (YB) | B62: GJ/ton | C62: ='Energy, GHG (2)'!C56/'Production, Raw Mat'!C4 -> #DIV/0! | D62: ='Energy, GHG (2)'!D56/'Production, Raw Mat'!D4 -> #DIV/0! | E62: ='Energy, GHG (2)'!E56/'Production, Raw Mat'!E4 -> #DIV/0! | F62: ='Energy, GHG (2)'!F56/'Production, Raw Mat'!F4 -> #DIV/0! | G62: ='Energy, GHG (2)'!G56/'Production, Raw Mat'!G4 -> #DIV/0! | H62: ='Energy, GHG (2)'!H56/'Production, Raw Mat'!H4 -> #DIV/0! | I62: ='Energy, GHG (2)'!I56/'Production, Raw Mat'!I4 -> #DIV/0! | J62: ='Energy, GHG (2)'!J56/'Production, Raw Mat'!J4 -> #DIV/0! | ... S62: ='Energy, GHG (2)'!S56/'Production, Raw Mat'!S4 -> 0
A63: Specific Energy Consumption-Coal, Biomass | B63: GJ/ton | C63: ='Energy, GHG (2)'!C57/'Production, Raw Mat'!C5 -> 5.9266643 | D63: ='Energy, GHG (2)'!D57/'Production, Raw Mat'!D5 -> 7.1379077 | E63: ='Energy, GHG (2)'!E57/'Production, Raw Mat'!E5 -> 6.3297764 | F63: ='Energy, GHG (2)'!F57/'Production, Raw Mat'!F5 -> 6.377384 | G63: ='Energy, GHG (2)'!G57/'Production, Raw Mat'!G5 -> 5.9780413 | H63: ='Energy, GHG (2)'!H57/'Production, Raw Mat'!H5 -> 0 | I63: ='Energy, GHG (2)'!I57/'Production, Raw Mat'!I5 -> 0 | J63: ='Energy, GHG (2)'!J57/'Production, Raw Mat'!J5 -> 0 | ... S63: ='Energy, GHG (2)'!S57/'Production, Raw Mat'!S5 -> 0
A64: Specific Energy Consumption-Coal Gas (DV) | B64: GJ/ton | C64: ='Energy, GHG (2)'!C58/'Production, Raw Mat'!C3 -> 4.5405581 | D64: ='Energy, GHG (2)'!D58/'Production, Raw Mat'!D3 -> 3.8793067 | E64: ='Energy, GHG (2)'!E58/'Production, Raw Mat'!E3 -> 4.7908339 | F64: ='Energy, GHG (2)'!F58/'Production, Raw Mat'!F3 -> 4.8791523 | G64: ='Energy, GHG (2)'!G58/'Production, Raw Mat'!G3 -> 4.6605217 | H64: ='Energy, GHG (2)'!H58/'Production, Raw Mat'!H3 -> 0 | I64: ='Energy, GHG (2)'!I58/'Production, Raw Mat'!I3 -> 0 | J64: ='Energy, GHG (2)'!J58/'Production, Raw Mat'!J3 -> 0 | ... S64: ='Energy, GHG (2)'!S58/'Production, Raw Mat'!S3 -> 0
A65: Specific Energy Consumption-Coal Gas (YB) | B65: GJ/ton | C65: ='Energy, GHG (2)'!C59/'Production, Raw Mat'!C4 -> #DIV/0! | D65: ='Energy, GHG (2)'!D59/'Production, Raw Mat'!D4 -> #DIV/0! | E65: ='Energy, GHG (2)'!E59/'Production, Raw Mat'!E4 -> #DIV/0! | F65: ='Energy, GHG (2)'!F59/'Production, Raw Mat'!F4 -> #DIV/0! | G65: ='Energy, GHG (2)'!G59/'Production, Raw Mat'!G4 -> #DIV/0! | H65: ='Energy, GHG (2)'!H59/'Production, Raw Mat'!H4 -> #DIV/0! | I65: ='Energy, GHG (2)'!I59/'Production, Raw Mat'!I4 -> #DIV/0! | J65: ='Energy, GHG (2)'!J59/'Production, Raw Mat'!J4 -> #DIV/0! | ... S65: ='Energy, GHG (2)'!S59/'Production, Raw Mat'!S4 -> 0
A66: Specific Energy Consumption-Coal Gas | B66: GJ/ton | C66: ='Energy, GHG (2)'!C60/'Production, Raw Mat'!C5 -> 4.5405581 | D66: ='Energy, GHG (2)'!D60/'Production, Raw Mat'!D5 -> 3.8793067 | E66: ='Energy, GHG (2)'!E60/'Production, Raw Mat'!E5 -> 4.7908339 | F66: ='Energy, GHG (2)'!F60/'Production, Raw Mat'!F5 -> 4.8791523 | G66: ='Energy, GHG (2)'!G60/'Production, Raw Mat'!G5 -> 4.6605217 | H66: ='Energy, GHG (2)'!H60/'Production, Raw Mat'!H5 -> 0 | I66: ='Energy, GHG (2)'!I60/'Production, Raw Mat'!I5 -> 0 | J66: ='Energy, GHG (2)'!J60/'Production, Raw Mat'!J5 -> 0 | ... S66: ='Energy, GHG (2)'!S60/'Production, Raw Mat'!S5 -> 0
C67: =C31+C69 -> 17330 | D67: =D31+D69 -> 17932 | E67: =E31+E69 -> 31613
A68: Greenhouse Gas Emission | B68: unit | C68: Jan | D68: Feb | E68: Mar | F68: Apr | G68: May | H68: Jun | I68: Jul | J68: Aug | K68: Sep | L68: Oct | M68: Nov | N68: Dec | O68: YTD | P68: Q1 | Q68: Q2 | R68: Q3 | S68: Q4
A69: Diesel oil (Station)/ Dầu cho máy phát điện | B69: Litre | C69: 2000 | D69: 0 | E69: 5500 | F69: 2000 | G69: 0 | O69: =SUM(C69:N69) -> 9500 | P69: =SUM(C69:E69) -> 7500 | Q69: =SUM(F69:H69) -> 2000 | R69: =SUM(I69:K69) -> 0 | S69: =SUM(L69:N69) -> 0
A70: Acetylene (Station)/ Khí axetilen cho máy Oxi Axetilen | B70: kg | O70: =SUM(C70:N70) -> 0 | P70: =SUM(C70:E70) -> 0 | Q70: =SUM(F70:H70) -> 0 | R70: =SUM(I70:K70) -> 0 | S70: =SUM(L70:N70) -> 0
A71: LPG for Welding (Station)/ Gas cho máy cắt Oxi Axetilen (hàn) | B71: kg | C71: 72 | D71: =9*12 -> 108 | E71: 12 | F71: 12 | G71: 24 | O71: =SUM(C71:N71) -> 228 | P71: =SUM(C71:E71) -> 192 | Q71: =SUM(F71:H71) -> 36 | R71: =SUM(I71:K71) -> 0 | S71: =SUM(L71:N71) -> 0
A72: Calcium Carbonate ≥900OC (process)/ Bột CaCO3 | B72: ton | C72: 1185.21 | D72: ='Production, Raw Mat'!D8 -> 903.63 | E72: ='Production, Raw Mat'!E8 -> 2451.735 | F72: ='Production, Raw Mat'!F8 -> 2133.495 | G72: ='Production, Raw Mat'!G8 -> 2066.22 | O72: =SUM(C72:N72) -> 8740.29 | P72: =SUM(C72:E72) -> 4540.575 | Q72: =SUM(F72:H72) -> 4199.715 | R72: =SUM(I72:K72) -> 0 | S72: =SUM(L72:N72) -> 0
A73: Anaerobic Wastewater: Average of flow | B73: m3/day
A74: Anaerobic Wastewater: COD (Enter anaerobic zone)/ Nhu cầu Oxi để oxi hóa | B74: mg COD/l
A75: Anaerobic Wastewater: COD (Exit anaerobic zone) | B75: mg COD/l
A76: Anaerobic Wastewater: Summary | B76: kg CH4 | C76: =((C73*31)*((C74-C75)/1000)*0.25*0.8) -> 0 | D76: =((D73*28)*((D74-D75)/1000)*0.25*0.8) -> 0 | E76: =((E73*31)*((E74-E75)/1000)*0.25*0.8) -> 0 | F76: =((F73*30)*((F74-F75)/1000)*0.25*0.8) -> 0 | G76: =((G73*31)*((G74-G75)/1000)*0.25*0.8) -> 0 | H76: =((H73*30)*((H74-H75)/1000)*0.25*0.8) -> 0 | I76: =((I73*31)*((I74-I75)/1000)*0.25*0.8) -> 0 | J76: =((J73*31)*((J74-J75)/1000)*0.25*0.8) -> 0 | K76: =((K73*30)*((K74-K75)/1000)*0.25*0.8) -> 0 | L76: =((L73*31)*((L74-L75)/1000)*0.25*0.8) -> 0 | M76: =((M73*30)*((M74-M75)/1000)*0.25*0.8) -> 0 | N76: =((N73*31)*((N74-N75)/1000)*0.25*0.8) -> 0
A77: Coal Gas CO2 Conversion factor (DV) | B77: kgCO2/Mcal | C77: =IF(C23=0,0,((C3*C18*(4186/1000000)*$F$100)+(C4*C19*(4186/1000000)*$F$100)+(C5*C20*(4186/1000000)*$F$100)+(C38*$F$112*1000))/(C23)) -> 0.63226873 | D77: =IF(D23=0,0,((D3*D18*(4186/1000000)*$F$100)+(D4*D19*(4186/1000000)*$F$100)+(D5*D20*(4186/1000000)*$F$100)+(D38*$F$112*1000))/(D23)) -> 0.92202383 | E77: =IF(E23=0,0,((E3*E18*(4186/1000000)*$F$100)+(E4*E19*(4186/1000000)*$F$100)+(E5*E20*(4186/1000000)*$F$100)+(E38*$F$112*1000))/(E23)) -> 0.62344458 | F77: =IF(F23=0,0,((F3*F18*(4186/1000000)*$F$100)+(F4*F19*(4186/1000000)*$F$100)+(F5*F20*(4186/1000000)*$F$100)+(F38*$F$112*1000))/(F23)) -> 0.61850507 | G77: =IF(G23=0,0,((G3*G18*(4186/1000000)*$F$100)+(G4*G19*(4186/1000000)*$F$100)+(G5*G20*(4186/1000000)*$F$100)+(G38*$F$112*1000))/(G23)) -> 0.61825094 | H77: =IF(H23=0,0,((H3*H18*(4186/1000000)*$F$100)+(H4*H19*(4186/1000000)*$F$100)+(H5*H20*(4186/1000000)*$F$100)+(H38*$F$112*1000))/(H23)) -> 0 | I77: =IF(I23=0,0,((I3*I18*(4186/1000000)*$F$100)+(I4*I19*(4186/1000000)*$F$100)+(I5*I20*(4186/1000000)*$F$100)+(I38*$F$112*1000))/(I23)) -> 0 | J77: =IF(J23=0,0,((J3*J18*(4186/1000000)*$F$100)+(J4*J19*(4186/1000000)*$F$100)+(J5*J20*(4186/1000000)*$F$100)+(J38*$F$112*1000))/(J23)) -> 0 | ... N77: =IF(N23=0,0,((N3*N18*(4186/1000000)*$F$100)+(N4*N19*(4186/1000000)*$F$100)+(N5*N20*(4186/1000000)*$F$100)+(N38*$F$112*1000))/(N23)) -> 0 | O77: =IF(O23=0,"0",(SUMPRODUCT(C23:N23,C77:N77)/O23)) -> 0.64489914 | P77: =IF(P23=0,"0",(SUMPRODUCT(C23:E23,C77:E77)/P23)) -> 0.67140561 | Q77: =IF(Q23=0,"0",(SUMPRODUCT(F23:H23,F77:H77)/Q23)) -> 0.61838043 | R77: =IF(R23=0,"0",(SUMPRODUCT(I23:K23,I77:K77)/R23)) -> 0 | S77: =IF(S23=0,"0",(SUMPRODUCT(L23:N23,L77:N77)/S23)) -> 0
A78: Coal Gas CO2 Conversion factor(YB) | B78: kgCO2/Mcal | C78: =IF(C24=0,0,((C7*C18*(4186/1000000)*$F$100)+(C8*C19*(4186/1000000)*$F$100)+(C9*C20*(4186/1000000)*$F$100)+(C39*$F$112*1000))/(C24)) -> 0 | D78: =IF(D24=0,0,((D7*D18*(4186/1000000)*$F$100)+(D8*D19*(4186/1000000)*$F$100)+(D9*D20*(4186/1000000)*$F$100)+(D39*$F$112*1000))/(D24)) -> 0 | E78: =IF(E24=0,0,((E7*E18*(4186/1000000)*$F$100)+(E8*E19*(4186/1000000)*$F$100)+(E9*E20*(4186/1000000)*$F$100)+(E39*$F$112*1000))/(E24)) -> 0 | F78: =IF(F24=0,0,((F7*F18*(4186/1000000)*$F$100)+(F8*F19*(4186/1000000)*$F$100)+(F9*F20*(4186/1000000)*$F$100)+(F39*$F$112*1000))/(F24)) -> 0 | G78: =IF(G24=0,0,((G7*G18*(4186/1000000)*$F$100)+(G8*G19*(4186/1000000)*$F$100)+(G9*G20*(4186/1000000)*$F$100)+(G39*$F$112*1000))/(G24)) -> 0 | H78: =IF(H24=0,0,((H7*H18*(4186/1000000)*$F$100)+(H8*H19*(4186/1000000)*$F$100)+(H9*H20*(4186/1000000)*$F$100)+(H39*$F$112*1000))/(H24)) -> 0 | I78: =IF(I24=0,0,((I7*I18*(4186/1000000)*$F$100)+(I8*I19*(4186/1000000)*$F$100)+(I9*I20*(4186/1000000)*$F$100)+(I39*$F$112*1000))/(I24)) -> 0 | J78: =IF(J24=0,0,((J7*J18*(4186/1000000)*$F$100)+(J8*J19*(4186/1000000)*$F$100)+(J9*J20*(4186/1000000)*$F$100)+(J39*$F$112*1000))/(J24)) -> 0 | ... N78: =IF(N24=0,0,((N7*N18*(4186/1000000)*$F$100)+(N8*N19*(4186/1000000)*$F$100)+(N9*N20*(4186/1000000)*$F$100)+(N39*$F$112*1000))/(N24)) -> 0 | O78: =IF(O24=0,"0",(SUMPRODUCT(C24:N24,C78:N78)/O24)) -> 0 | P78: =IF(P24=0,"0",(SUMPRODUCT(C24:E24,C78:E78)/P24)) -> 0 | Q78: =IF(Q24=0,"0",(SUMPRODUCT(F24:H24,F78:H78)/Q24)) -> 0 | R78: =IF(R24=0,"0",(SUMPRODUCT(I24:K24,I78:K78)/R24)) -> 0 | S78: =IF(S24=0,"0",(SUMPRODUCT(L24:N24,L78:N78)/S24)) -> 0
A79: Total Coal Gas CO2 Conversion factor | B79: kgCO2/Mcal | C79: =IF(C25=0,0,((C11*C18*(4186/1000000)*$F$100)+(C12*C19*(4186/1000000)*$F$100)+(C13*C20*(4186/1000000)*$F$100)+(C40*$F$112*1000))/(C25)) -> 0.63226873 | D79: =IF(D25=0,0,((D11*D18*(4186/1000000)*$F$100)+(D12*D19*(4186/1000000)*$F$100)+(D13*D20*(4186/1000000)*$F$100)+(D40*$F$112*1000))/(D25)) -> 0.92202383 | E79: =IF(E25=0,0,((E11*E18*(4186/1000000)*$F$100)+(E12*E19*(4186/1000000)*$F$100)+(E13*E20*(4186/1000000)*$F$100)+(E40*$F$112*1000))/(E25)) -> 0.62344458 | F79: =IF(F25=0,0,((F11*F18*(4186/1000000)*$F$100)+(F12*F19*(4186/1000000)*$F$100)+(F13*F20*(4186/1000000)*$F$100)+(F40*$F$112*1000))/(F25)) -> 0.61850507 | G79: =IF(G25=0,0,((G11*G18*(4186/1000000)*$F$100)+(G12*G19*(4186/1000000)*$F$100)+(G13*G20*(4186/1000000)*$F$100)+(G40*$F$112*1000))/(G25)) -> 0.61825094 | H79: =IF(H25=0,0,((H11*H18*(4186/1000000)*$F$100)+(H12*H19*(4186/1000000)*$F$100)+(H13*H20*(4186/1000000)*$F$100)+(H40*$F$112*1000))/(H25)) -> 0 | I79: =IF(I25=0,0,((I11*I18*(4186/1000000)*$F$100)+(I12*I19*(4186/1000000)*$F$100)+(I13*I20*(4186/1000000)*$F$100)+(I40*$F$112*1000))/(I25)) -> 0 | J79: =IF(J25=0,0,((J11*J18*(4186/1000000)*$F$100)+(J12*J19*(4186/1000000)*$F$100)+(J13*J20*(4186/1000000)*$F$100)+(J40*$F$112*1000))/(J25)) -> 0 | ... N79: =IF(N25=0,0,((N11*N18*(4186/1000000)*$F$100)+(N12*N19*(4186/1000000)*$F$100)+(N13*N20*(4186/1000000)*$F$100)+(N40*$F$112*1000))/(N25)) -> 0 | O79: =IF(O25=0,"0",(SUMPRODUCT(C25:N25,C79:N79)/O25)) -> 0.64489914 | P79: =IF(P25=0,"0",(SUMPRODUCT(C25:E25,C79:E79)/P25)) -> 0.67140561 | Q79: =IF(Q25=0,"0",(SUMPRODUCT(F25:H25,F79:H79)/Q25)) -> 0.61838043 | R79: =IF(R25=0,"0",(SUMPRODUCT(I25:K25,I79:K79)/R25)) -> 0 | S79: =IF(S25=0,"0",(SUMPRODUCT(L25:N25,L79:N79)/S25)) -> 0
A80: Total GHG Scope1-Coal (DV) | B80: Ton CO2 | C80: =((C3*C18*(4186/1000000)*$F$100)+(C4*C19*(4186/1000000)*$F$100)+(C5*C20*(4186/1000000)*$F$100)+(C6*C21*(4186/1000000)*$F$100)+(C26*$F$101)+(C27*$F$102)+(C28*$F$103)+(C29*$F$104)+(C30*$F$106)+(C31*$F$107)+(C32*$F$109)+(C69*$F$108)+(C70*$F$115)+(C71*$F$104)+(C72*$F$116)+(C76*$F$117))/1000 -> 5672.119 | D80: =((D3*D18*(4186/1000000)*$F$100)+(D4*D19*(4186/1000000)*$F$100)+(D5*D20*(4186/1000000)*$F$100)+(D6*D21*(4186/1000000)*$F$100)+(D26*$F$101)+(D27*$F$102)+(D28*$F$103)+(D29*$F$104)+(D30*$F$106)+(D31*$F$107)+(D32*$F$109)+(D69*$F$108)+(D70*$F$115)+(D71*$F$104)+(D72*$F$116)+(D76*$F$117))/1000 -> 4473.4415 | E80: =((E3*E18*(4186/1000000)*$F$100)+(E4*E19*(4186/1000000)*$F$100)+(E5*E20*(4186/1000000)*$F$100)+(E6*E21*(4186/1000000)*$F$100)+(E26*$F$101)+(E27*$F$102)+(E28*$F$103)+(E29*$F$104)+(E30*$F$106)+(E31*$F$107)+(E32*$F$109)+(E69*$F$108)+(E70*$F$115)+(E71*$F$104)+(E72*$F$116)+(E76*$F$117))/1000 -> 11313.604 | F80: =((F3*F18*(4186/1000000)*$F$100)+(F4*F19*(4186/1000000)*$F$100)+(F5*F20*(4186/1000000)*$F$100)+(F6*F21*(4186/1000000)*$F$100)+(F26*$F$101)+(F27*$F$102)+(F28*$F$103)+(F29*$F$104)+(F30*$F$106)+(F31*$F$107)+(F32*$F$109)+(F69*$F$108)+(F70*$F$115)+(F71*$F$104)+(F72*$F$116)+(F76*$F$117))/1000 -> 10094.46 | G80: =((G3*G18*(4186/1000000)*$F$100)+(G4*G19*(4186/1000000)*$F$100)+(G5*G20*(4186/1000000)*$F$100)+(G6*G21*(4186/1000000)*$F$100)+(G26*$F$101)+(G27*$F$102)+(G28*$F$103)+(G29*$F$104)+(G30*$F$106)+(G31*$F$107)+(G32*$F$109)+(G69*$F$108)+(G70*$F$115)+(G71*$F$104)+(G72*$F$116)+(G76*$F$117))/1000 -> 9567.6311 | H80: =((H3*H18*(4186/1000000)*$F$100)+(H4*H19*(4186/1000000)*$F$100)+(H5*H20*(4186/1000000)*$F$100)+(H6*H21*(4186/1000000)*$F$100)+(H26*$F$101)+(H27*$F$102)+(H28*$F$103)+(H29*$F$104)+(H30*$F$106)+(H31*$F$107)+(H32*$F$109)+(H69*$F$108)+(H70*$F$115)+(H71*$F$104)+(H72*$F$116)+(H76*$F$117))/1000 -> 0 | I80: =((I3*I18*(4186/1000000)*$F$100)+(I4*I19*(4186/1000000)*$F$100)+(I5*I20*(4186/1000000)*$F$100)+(I6*I21*(4186/1000000)*$F$100)+(I26*$F$101)+(I27*$F$102)+(I28*$F$103)+(I29*$F$104)+(I30*$F$106)+(I31*$F$107)+(I32*$F$109)+(I69*$F$108)+(I70*$F$115)+(I71*$F$104)+(I72*$F$116)+(I76*$F$117))/1000 -> 0 | J80: =((J3*J18*(4186/1000000)*$F$100)+(J4*J19*(4186/1000000)*$F$100)+(J5*J20*(4186/1000000)*$F$100)+(J6*J21*(4186/1000000)*$F$100)+(J26*$F$101)+(J27*$F$102)+(J28*$F$103)+(J29*$F$104)+(J30*$F$106)+(J31*$F$107)+(J32*$F$109)+(J69*$F$108)+(J70*$F$115)+(J71*$F$104)+(J72*$F$116)+(J76*$F$117))/1000 -> 0 | ... S80: =((S3*S18*(4186/1000000)*$F$100)+(S4*S19*(4186/1000000)*$F$100)+(S5*S20*(4186/1000000)*$F$100)+(S6*S21*(4186/1000000)*$F$100)+(S26*$F$101)+(S27*$F$102)+(S28*$F$103)+(S29*$F$104)+(S30*$F$106)+(S31*$F$107)+(S32*$F$109)+(S69*$F$108)+(S70*$F$115)+(S71*$F$104)+(S72*$F$116)+(S76*$F$117))/1000 -> 0
A81: Total GHG Scope1-Coal (YB) | B81: Ton CO2 | C81: =(((C7*C18*(4186/1000000)*$F$100))+((C8*C19*(4186/1000000)*$F$100))+((C9*C20*(4186/1000000))+((C10*C21*(4186/1000000)*$F$100)))/1000) -> 0 | D81: =(((D7*D18*(4186/1000000)*$F$100)+(D8*D19*(4186/1000000)*$F$100)+(D9*D20*(4186/1000000)+(D10*D21*(4186/1000000)*$F$100)))/1000) -> 0 | E81: =(((E7*E18*(4186/1000000)*$F$100)+(E8*E19*(4186/1000000)*$F$100)+(E9*E20*(4186/1000000)+(E10*E21*(4186/1000000)*$F$100)))/1000) -> 0 | F81: =(((F7*F18*(4186/1000000)*$F$100)+(F8*F19*(4186/1000000)*$F$100)+(F9*F20*(4186/1000000)+(F10*F21*(4186/1000000)*$F$100)))/1000) -> 0 | G81: =(((G7*G18*(4186/1000000)*$F$100)+(G8*G19*(4186/1000000)*$F$100)+(G9*G20*(4186/1000000)+(G10*G21*(4186/1000000)*$F$100)))/1000) -> 0 | H81: =(((H7*H18*(4186/1000000)*$F$100)+(H8*H19*(4186/1000000)*$F$100)+(H9*H20*(4186/1000000)+(H10*H21*(4186/1000000)*$F$100)))/1000) -> 0 | I81: =(((I7*I18*(4186/1000000)*$F$100)+(I8*I19*(4186/1000000)*$F$100)+(I9*I20*(4186/1000000)+(I10*I21*(4186/1000000)*$F$100)))/1000) -> 0 | J81: =(((J7*J18*(4186/1000000)*$F$100)+(J8*J19*(4186/1000000)*$F$100)+(J9*J20*(4186/1000000)+(J10*J21*(4186/1000000)*$F$100)))/1000) -> 0 | K81: =(((K7*K18*(4186/1000000)*$F$100)+(K8*K19*(4186/1000000)*$F$100)+(K9*K20*(4186/1000000)+(K10*K21*(4186/1000000)*$F$100)))/1000) -> 0 | ... S81: =(((S7*S18*(4186/1000000)*$F$100)+(S8*S19*(4186/1000000)*$F$100)+(S9*S20*(4186/1000000)+(S10*S21*(4186/1000000)*$F$100)))/1000) -> 0
A82: Total GHG Scope1-Coal | B82: Ton CO2 | C82: =SUM(C80:C81) -> 5672.119 | D82: =SUM(D80:D81) -> 4473.4415 | E82: =SUM(E80:E81) -> 11313.604 | F82: =SUM(F80:F81) -> 10094.46 | G82: =SUM(G80:G81) -> 9567.6311 | H82: =SUM(H80:H81) -> 0 | I82: =SUM(I80:I81) -> 0 | J82: =SUM(J80:J81) -> 0 | ... N82: =SUM(N80:N81) -> 0 | O82: =SUM(C82:N82) -> 41121.256 | P82: =SUM(C82:E82) -> 21459.165 | Q82: =SUM(F82:H82) -> 19662.091 | R82: =SUM(I82:K82) -> 0 | S82: =SUM(L82:N82) -> 0
A83: Total GHG Scope1-Coal Gas (DV) | B83: Ton CO2 | C83: =((C23*C77)+(C26*$F$101)+(C27*$F$102)+(C28*$F$103)+(C29*$F$104)+(C30*$F$106)+(C31*$F$107)+(C32*$F$109)+(C69*$F$108)+(C70*$F$115)+(C71*$F$104)+(C72*$F$116)+(C76*$F$117))/1000 -> 6403.2534 | D83: =((D23*D77)+(D26*$F$101)+(D27*$F$102)+(D28*$F$103)+(D29*$F$104)+(D30*$F$106)+(D31*$F$107)+(D32*$F$109)+(D69*$F$108)+(D70*$F$115)+(D71*$F$104)+(D72*$F$116)+(D76*$F$117))/1000 -> 4992.3435 | E83: =((E23*E77)+(E26*$F$101)+(E27*$F$102)+(E28*$F$103)+(E29*$F$104)+(E30*$F$106)+(E31*$F$107)+(E32*$F$109)+(E69*$F$108)+(E70*$F$115)+(E71*$F$104)+(E72*$F$116)+(E76*$F$117))/1000 -> 12531.76 | F83: =((F23*F77)+(F26*$F$101)+(F27*$F$102)+(F28*$F$103)+(F29*$F$104)+(F30*$F$106)+(F31*$F$107)+(F32*$F$109)+(F69*$F$108)+(F70*$F$115)+(F71*$F$104)+(F72*$F$116)+(F76*$F$117))/1000 -> 11210.962 | G83: =((G23*G77)+(G26*$F$101)+(G27*$F$102)+(G28*$F$103)+(G29*$F$104)+(G30*$F$106)+(G31*$F$107)+(G32*$F$109)+(G69*$F$108)+(G70*$F$115)+(G71*$F$104)+(G72*$F$116)+(G76*$F$117))/1000 -> 10800.781 | H83: =((H23*H77)+(H26*$F$101)+(H27*$F$102)+(H28*$F$103)+(H29*$F$104)+(H30*$F$106)+(H31*$F$107)+(H32*$F$109)+(H69*$F$108)+(H70*$F$115)+(H71*$F$104)+(H72*$F$116)+(H76*$F$117))/1000 -> 0 | I83: =((I23*I77)+(I26*$F$101)+(I27*$F$102)+(I28*$F$103)+(I29*$F$104)+(I30*$F$106)+(I31*$F$107)+(I32*$F$109)+(I69*$F$108)+(I70*$F$115)+(I71*$F$104)+(I72*$F$116)+(I76*$F$117))/1000 -> 0 | J83: =((J23*J77)+(J26*$F$101)+(J27*$F$102)+(J28*$F$103)+(J29*$F$104)+(J30*$F$106)+(J31*$F$107)+(J32*$F$109)+(J69*$F$108)+(J70*$F$115)+(J71*$F$104)+(J72*$F$116)+(J76*$F$117))/1000 -> 0 | ... N83: =((N23*N77)+(N26*$F$101)+(N27*$F$102)+(N28*$F$103)+(N29*$F$104)+(N30*$F$106)+(N31*$F$107)+(N32*$F$109)+(N69*$F$108)+(N70*$F$115)+(N71*$F$104)+(N72*$F$116)+(N76*$F$117))/1000 -> 0 | O83: =SUM(C83:N83) -> 45939.1 | P83: =SUM(C83:E83) -> 23927.357 | Q83: =SUM(F83:H83) -> 22011.743 | R83: =SUM(I83:K83) -> 0 | S83: =SUM(L83:N83) -> 0
A84: Total GHG Scope1-Coal Gas (YB) | B84: Ton CO2 | C84: =(C24*C78) -> 0 | D84: =(D24*D78) -> 0 | E84: =(E24*E78) -> 0 | F84: =(F24*F78) -> 0 | G84: =(G24*G78) -> 0 | H84: =(H24*H78) -> 0 | I84: =(I24*I78) -> 0 | J84: =(J24*J78) -> 0 | ... N84: =(N24*N78) -> 0 | O84: =SUM(C84:N84) -> 0 | P84: =SUM(C84:E84) -> 0 | Q84: =SUM(F84:H84) -> 0 | R84: =SUM(I84:K84) -> 0 | S84: =SUM(L84:N84) -> 0
A85: Total GHG Scope1-Coal Gas | B85: Ton CO2 | C85: =SUM(C83:C84) -> 6403.2534 | D85: =SUM(D83:D84) -> 4992.3435 | E85: =SUM(E83:E84) -> 12531.76 | F85: =SUM(F83:F84) -> 11210.962 | G85: =SUM(G83:G84) -> 10800.781 | H85: =SUM(H83:H84) -> 0 | I85: =SUM(I83:I84) -> 0 | J85: =SUM(J83:J84) -> 0 | ... N85: =SUM(N83:N84) -> 0 | O85: =SUM(C85:N85) -> 45939.1 | P85: =SUM(C85:E85) -> 23927.357 | Q85: =SUM(F85:H85) -> 22011.743 | R85: =SUM(I85:K85) -> 0 | S85: =SUM(L85:N85) -> 0
A86: Total GHG Scope2 (DV) | B86: Ton CO2 | C86: =(C33*$F$110)+(C38*$F$112)+(C41*$F$113) -> 1050.5857 | D86: =(D33*$F$110)+(D38*$F$112)+(D41*$F$113) -> 765.49601 | E86: =(E33*$F$110)+(E38*$F$112)+(E41*$F$113) -> 1796.3599 | F86: =(F33*$F$110)+(F38*$F$112)+(F41*$F$113) -> 1702.7369 | G86: =(G33*$F$110)+(G38*$F$112)+(G41*$F$113) -> 1806.7581 | H86: =(H33*$F$110)+(H38*$F$112)+(H41*$F$113) -> 0 | I86: =(I33*$F$110)+(I38*$F$112)+(I41*$F$113) -> 0 | J86: =(J33*$F$110)+(J38*$F$112)+(J41*$F$113) -> 0 | ... N86: =(N33*$F$110)+(N38*$F$112)+(N41*$F$113) -> 0 | O86: =SUM(C86:N86) -> 7121.9367 | P86: =SUM(C86:E86) -> 3612.4417 | Q86: =SUM(F86:H86) -> 3509.495 | R86: =SUM(I86:K86) -> 0 | S86: =SUM(L86:N86) -> 0
A87: Total GHG Scope2 (YB) | B87: Ton CO2 | C87: =(C39*$F$112) -> 0 | D87: =(D39*$F$112) -> 0 | E87: =(E39*$F$112) -> 0 | F87: =(F39*$F$112) -> 0 | G87: =(G39*$F$112) -> 0 | H87: =(H39*$F$112) -> 0 | I87: =(I39*$F$112) -> 0 | J87: =(J39*$F$112) -> 0 | ... N87: =(N39*$F$112) -> 0 | O87: =SUM(C87:N87) -> 0 | P87: =SUM(C87:E87) -> 0 | Q87: =SUM(F87:H87) -> 0 | R87: =SUM(I87:K87) -> 0 | S87: =SUM(L87:N87) -> 0
A88: Total GHG Scope2 | B88: Ton CO2 | C88: =SUM(C86:C87) -> 1050.5857 | D88: =SUM(D86:D87) -> 765.49601 | E88: =SUM(E86:E87) -> 1796.3599 | F88: =SUM(F86:F87) -> 1702.7369 | G88: =SUM(G86:G87) -> 1806.7581 | H88: =SUM(H86:H87) -> 0 | I88: =SUM(I86:I87) -> 0 | J88: =SUM(J86:J87) -> 0 | ... N88: =SUM(N86:N87) -> 0 | O88: =SUM(C88:N88) -> 7121.9367 | P88: =SUM(C88:E88) -> 3612.4417 | Q88: =SUM(F88:H88) -> 3509.495 | R88: =SUM(I88:K88) -> 0 | S88: =SUM(L88:N88) -> 0
A89: Specific GHG Scope1-Coal (DV) | B89: kgCO2/ton | C89: ='Energy, GHG (2)'!C80*1000/'Production, Raw Mat'!C$3 -> 590.23514 | D89: ='Energy, GHG (2)'!D80*1000/'Production, Raw Mat'!D$3 -> 708.93568 | E89: ='Energy, GHG (2)'!E80*1000/'Production, Raw Mat'!E$3 -> 637.99816 | F89: ='Energy, GHG (2)'!F80*1000/'Production, Raw Mat'!F$3 -> 639.07371 | G89: ='Energy, GHG (2)'!G80*1000/'Production, Raw Mat'!G$3 -> 594.56563 | H89: ='Energy, GHG (2)'!H80*1000/'Production, Raw Mat'!H$3 -> 0 | I89: ='Energy, GHG (2)'!I80*1000/'Production, Raw Mat'!I$3 -> 0 | J89: ='Energy, GHG (2)'!J80*1000/'Production, Raw Mat'!J$3 -> 0 | ... S89: ='Energy, GHG (2)'!S80*1000/'Production, Raw Mat'!S$3 -> 0
A90: Specific GHG Scope1-Coal (YB) | B90: kgCO2/ton | C90: ='Energy, GHG (2)'!C81*1000/'Production, Raw Mat'!C$4 -> #DIV/0! | D90: ='Energy, GHG (2)'!D81*1000/'Production, Raw Mat'!D$4 -> #DIV/0! | E90: ='Energy, GHG (2)'!E81*1000/'Production, Raw Mat'!E$4 -> #DIV/0! | F90: ='Energy, GHG (2)'!F81*1000/'Production, Raw Mat'!F$4 -> #DIV/0! | G90: ='Energy, GHG (2)'!G81*1000/'Production, Raw Mat'!G$4 -> #DIV/0! | H90: ='Energy, GHG (2)'!H81*1000/'Production, Raw Mat'!H$4 -> #DIV/0! | I90: ='Energy, GHG (2)'!I81*1000/'Production, Raw Mat'!I$4 -> #DIV/0! | J90: ='Energy, GHG (2)'!J81*1000/'Production, Raw Mat'!J$4 -> #DIV/0! | ... L90: ='Energy, GHG (2)'!L81*1000/'Production, Raw Mat'!L$4 -> #DIV/0! | M90: ='Energy, GHG (2)'!M81*1000/'Production, Raw Mat'!M$3 -> 0 | N90: ='Energy, GHG (2)'!N81*1000/'Production, Raw Mat'!N$3 -> 0 | O90: ='Energy, GHG (2)'!O81*1000/'Production, Raw Mat'!O$3 -> 0 | P90: ='Energy, GHG (2)'!P81*1000/'Production, Raw Mat'!P$3 -> 0 | Q90: ='Energy, GHG (2)'!Q81*1000/'Production, Raw Mat'!Q$3 -> 0 | R90: ='Energy, GHG (2)'!R81*1000/'Production, Raw Mat'!R$3 -> 0 | S90: ='Energy, GHG (2)'!S81*1000/'Production, Raw Mat'!S$3 -> 0
A91: Specific GHG Scope1-Coal | B91: kgCO2/ton | C91: ='Energy, GHG (2)'!C82*1000/'Production, Raw Mat'!C$5 -> 590.23514 | D91: ='Energy, GHG (2)'!D82*1000/'Production, Raw Mat'!D$5 -> 708.93568 | E91: ='Energy, GHG (2)'!E82*1000/'Production, Raw Mat'!E$5 -> 637.99816 | F91: ='Energy, GHG (2)'!F82*1000/'Production, Raw Mat'!F$5 -> 639.07371 | G91: ='Energy, GHG (2)'!G82*1000/'Production, Raw Mat'!G$5 -> 594.56563 | H91: ='Energy, GHG (2)'!H82*1000/'Production, Raw Mat'!H$5 -> 0 | I91: ='Energy, GHG (2)'!I82*1000/'Production, Raw Mat'!I$5 -> 0 | J91: ='Energy, GHG (2)'!J82*1000/'Production, Raw Mat'!J$5 -> 0 | ... L91: ='Energy, GHG (2)'!L82*1000/'Production, Raw Mat'!L$5 -> 0 | M91: ='Energy, GHG (2)'!M82*1000/'Production, Raw Mat'!M$3 -> 0 | N91: ='Energy, GHG (2)'!N82*1000/'Production, Raw Mat'!N$3 -> 0 | O91: ='Energy, GHG (2)'!O82*1000/'Production, Raw Mat'!O$5 -> 242.58626 | P91: ='Energy, GHG (2)'!P82*1000/'Production, Raw Mat'!P$5 -> 637.66007 | Q91: ='Energy, GHG (2)'!Q82*1000/'Production, Raw Mat'!Q$5 -> 407.1225 | R91: ='Energy, GHG (2)'!R82*1000/'Production, Raw Mat'!R$5 -> 0 | S91: ='Energy, GHG (2)'!S82*1000/'Production, Raw Mat'!S$5 -> 0
A92: Specific GHG Scope1-Coal Gas (DV) | B92: kgCO2/ton | C92: ='Energy, GHG (2)'!C83*1000/'Production, Raw Mat'!C$3 -> 666.31627 | D92: ='Energy, GHG (2)'!D83*1000/'Production, Raw Mat'!D$3 -> 791.16949 | E92: ='Energy, GHG (2)'!E83*1000/'Production, Raw Mat'!E$3 -> 706.69255 | F92: ='Energy, GHG (2)'!F83*1000/'Production, Raw Mat'!F$3 -> 709.7587 | G92: ='Energy, GHG (2)'!G83*1000/'Production, Raw Mat'!G$3 -> 671.19781 | H92: ='Energy, GHG (2)'!H83*1000/'Production, Raw Mat'!H$3 -> 0 | I92: ='Energy, GHG (2)'!I83*1000/'Production, Raw Mat'!I$3 -> 0 | J92: ='Energy, GHG (2)'!J83*1000/'Production, Raw Mat'!J$3 -> 0 | ... S92: ='Energy, GHG (2)'!S83*1000/'Production, Raw Mat'!S$3 -> 0
A93: Specific GHG Scope1-Coal Gas (YB) | B93: kgCO2/ton | C93: ='Energy, GHG (2)'!C84*1000/'Production, Raw Mat'!C$4 -> #DIV/0! | D93: ='Energy, GHG (2)'!D84*1000/'Production, Raw Mat'!D$4 -> #DIV/0! | E93: ='Energy, GHG (2)'!E84*1000/'Production, Raw Mat'!E$4 -> #DIV/0! | F93: ='Energy, GHG (2)'!F84*1000/'Production, Raw Mat'!F$4 -> #DIV/0! | G93: ='Energy, GHG (2)'!G84*1000/'Production, Raw Mat'!G$4 -> #DIV/0! | H93: ='Energy, GHG (2)'!H84*1000/'Production, Raw Mat'!H$4 -> #DIV/0! | I93: ='Energy, GHG (2)'!I84*1000/'Production, Raw Mat'!I$4 -> #DIV/0! | J93: ='Energy, GHG (2)'!J84*1000/'Production, Raw Mat'!J$4 -> #DIV/0! | ... S93: ='Energy, GHG (2)'!S84*1000/'Production, Raw Mat'!S$4 -> 0
A94: Specific GHG Scope1-Coal Gas | B94: kgCO2/ton | C94: ='Energy, GHG (2)'!C85*1000/'Production, Raw Mat'!C$5 -> 666.31627 | D94: ='Energy, GHG (2)'!D85*1000/'Production, Raw Mat'!D$5 -> 791.16949 | E94: ='Energy, GHG (2)'!E85*1000/'Production, Raw Mat'!E$5 -> 706.69255 | F94: ='Energy, GHG (2)'!F85*1000/'Production, Raw Mat'!F$5 -> 709.7587 | G94: ='Energy, GHG (2)'!G85*1000/'Production, Raw Mat'!G$5 -> 671.19781 | H94: ='Energy, GHG (2)'!H85*1000/'Production, Raw Mat'!H$5 -> 0 | I94: ='Energy, GHG (2)'!I85*1000/'Production, Raw Mat'!I$5 -> 0 | J94: ='Energy, GHG (2)'!J85*1000/'Production, Raw Mat'!J$5 -> 0 | ... S94: ='Energy, GHG (2)'!S85*1000/'Production, Raw Mat'!S$5 -> 0
A95: Specific GHG Scope2 (DV) | B95: kgCO2/ton | C95: ='Energy, GHG (2)'!C86*1000/'Production, Raw Mat'!C$3 -> 109.32292 | D95: ='Energy, GHG (2)'!D86*1000/'Production, Raw Mat'!D$3 -> 121.31318 | E95: ='Energy, GHG (2)'!E86*1000/'Production, Raw Mat'!E$3 -> 101.30055 | F95: ='Energy, GHG (2)'!F86*1000/'Production, Raw Mat'!F$3 -> 107.79917 | G95: ='Energy, GHG (2)'!G86*1000/'Production, Raw Mat'!G$3 -> 112.27819 | H95: ='Energy, GHG (2)'!H86*1000/'Production, Raw Mat'!H$3 -> 0 | I95: ='Energy, GHG (2)'!I86*1000/'Production, Raw Mat'!I$3 -> 0 | J95: ='Energy, GHG (2)'!J86*1000/'Production, Raw Mat'!J$3 -> 0 | ... L95: ='Energy, GHG (2)'!L86*1000/'Production, Raw Mat'!L$3 -> 0 | M95: =M86*1000/'Production, Raw Mat'!M$3 -> 0 | N95: =N86*1000/'Production, Raw Mat'!N$3 -> 0 | O95: =O86*1000/'Production, Raw Mat'!O$3 -> 42.119649 | P95: =P86*1000/'Production, Raw Mat'!P$3 -> 107.34387 | Q95: =Q86*1000/'Production, Raw Mat'!Q$3 -> 72.667468 | R95: =R86*1000/'Production, Raw Mat'!R$3 -> 0 | S95: =S86*1000/'Production, Raw Mat'!S$3 -> 0
A96: Specific GHG Scope2 (YB) | B96: kgCO2/ton | C96: ='Energy, GHG (2)'!C87*1000/'Production, Raw Mat'!C$4 -> #DIV/0! | D96: ='Energy, GHG (2)'!D87*1000/'Production, Raw Mat'!D$4 -> #DIV/0! | E96: ='Energy, GHG (2)'!E87*1000/'Production, Raw Mat'!E$4 -> #DIV/0! | F96: ='Energy, GHG (2)'!F87*1000/'Production, Raw Mat'!F$4 -> #DIV/0! | G96: ='Energy, GHG (2)'!G87*1000/'Production, Raw Mat'!G$4 -> #DIV/0! | H96: ='Energy, GHG (2)'!H87*1000/'Production, Raw Mat'!H$4 -> #DIV/0! | I96: ='Energy, GHG (2)'!I87*1000/'Production, Raw Mat'!I$4 -> #DIV/0! | J96: ='Energy, GHG (2)'!J87*1000/'Production, Raw Mat'!J$4 -> #DIV/0! | ... L96: ='Energy, GHG (2)'!L87*1000/'Production, Raw Mat'!L$4 -> #DIV/0! | M96: =M87*1000/'Production, Raw Mat'!M$3 -> 0 | N96: =N87*1000/'Production, Raw Mat'!N$3 -> 0 | O96: =O87*1000/'Production, Raw Mat'!O$3 -> 0 | P96: =P87*1000/'Production, Raw Mat'!P$3 -> 0 | Q96: =Q87*1000/'Production, Raw Mat'!Q$3 -> 0 | R96: =R87*1000/'Production, Raw Mat'!R$3 -> 0 | S96: =S87*1000/'Production, Raw Mat'!S$3 -> 0
A97: Specific GHG Scope2 | B97: kgCO2/ton | C97: ='Energy, GHG (2)'!C88*1000/'Production, Raw Mat'!C$5 -> 109.32292 | D97: ='Energy, GHG (2)'!D88*1000/'Production, Raw Mat'!D$5 -> 121.31318 | E97: ='Energy, GHG (2)'!E88*1000/'Production, Raw Mat'!E$5 -> 101.30055 | F97: ='Energy, GHG (2)'!F88*1000/'Production, Raw Mat'!F$5 -> 107.79917 | G97: ='Energy, GHG (2)'!G88*1000/'Production, Raw Mat'!G$5 -> 112.27819 | H97: ='Energy, GHG (2)'!H88*1000/'Production, Raw Mat'!H$5 -> 0 | I97: ='Energy, GHG (2)'!I88*1000/'Production, Raw Mat'!I$5 -> 0 | J97: ='Energy, GHG (2)'!J88*1000/'Production, Raw Mat'!J$5 -> 0 | ... L97: ='Energy, GHG (2)'!L88*1000/'Production, Raw Mat'!L$5 -> 0 | M97: =M88*1000/'Production, Raw Mat'!M$3 -> 0 | N97: =N88*1000/'Production, Raw Mat'!N$3 -> 0 | O97: =O88*1000/'Production, Raw Mat'!O$5 -> 42.014378 | P97: =P88*1000/'Production, Raw Mat'!P$5 -> 107.34387 | Q97: =Q88*1000/'Production, Raw Mat'!Q$5 -> 72.667468 | R97: =R88*1000/'Production, Raw Mat'!R$5 -> 0 | S97: =S88*1000/'Production, Raw Mat'!S$5 -> 0
C98: =C91+C97 -> 699.55806 | D98: =D91+D97 -> 830.24887 | E98: =E91+E97 -> 739.29871 | F98: =F91+F97 -> 746.87287 | G98: =G91+G97 -> 706.84382 | H98: =H91+H97 -> 0 | I98: =I91+I97 -> 0 | J98: =J91+J97 -> 0 | ... O98: =O91+O97 -> 284.60064
A99: Conversion Factor | B99: Heat unit to GJ (Energy) | E99: Heat unit to kg CO2 eq
A100: Coal/ Than | E100: kgCO2eq/GJ | F100: 98.3 | G100: Plant
A101: Lignite/Than non | B101: GJ/Ton | D101: Plant | E101: kgCO2eq/Ton | G101: Plant
...

Sheet Water
A2: Water Withdrawal | B2: unit | C2: Jan | D2: Feb | E2: Mar | F2: Apr | G2: May | H2: Jun | I2: Jul | J2: Aug | K2: Sep | L2: Oct | M2: Nov | N2: Dec | O2: YTD | P2: Q1 | Q2: Q2 | R2: Q3 | S2: Q4
A3: Surface water (Lake) (DV) (Nước mặt) | B3: m3 | C3: 4987 | D3: 3058 | E3: 6675 | F3: 6392 | G3: 6393 | H3: 6254 | I3: 6934 | J3: 6241 | K3: 5438 | L3: 6081 | M3: 6741 | N3: 7894 | O3: =SUM(C3:N3) -> 73088 | P3: =SUM(C3:E3) -> 14720 | Q3: =SUM(F3:H3) -> 19039 | R3: =SUM(I3:K3) -> 18613 | S3: =SUM(L3:N3) -> 20716
A4: Surface water (Lake) (YB) (Nước Mặt) | B4: m3 | C4: 0 | D4: 0 | E4: 0 | F4: 0 | G4: 0 | H4: 0 | I4: 0 | J4: 0 | K4: 0 | L4: 0 | M4: 0 | N4: 0 | O4: =SUM(C4:N4) -> 0 | P4: =SUM(C4:E4) -> 0 | Q4: =SUM(F4:H4) -> 0 | R4: =SUM(I4:K4) -> 0 | S4: =SUM(L4:N4) -> 0
A5: Surface water (Lake) (DV+YB) (tổng nước mặt) | B5: m3 | C5: =SUM(C3:C4) -> 4987 | D5: =SUM(D3:D4) -> 3058 | E5: =SUM(E3:E4) -> 6675 | F5: =SUM(F3:F4) -> 6392 | G5: =SUM(G3:G4) -> 6393 | H5: =SUM(H3:H4) -> 6254 | I5: =SUM(I3:I4) -> 6934 | J5: =SUM(J3:J4) -> 6241 | ... S5: =SUM(S3:S4) -> 20716
A6: Ground water (wells) (DV) | B6: m3 | C6: 0 | D6: 0 | E6: 0 | F6: 0 | G6: 0 | H6: 0 | I6: 0 | J6: 0 | O6: =SUM(C6:N6) -> 0 | P6: =SUM(C6:E6) -> 0 | Q6: =SUM(F6:H6) -> 0 | R6: =SUM(I6:K6) -> 0 | S6: =SUM(L6:N6) -> 0
A7: Tap wate (DV) (Nước sạch) | B7: m3 | C7: =1100-442 -> 658 | D7: 1198 | E7: =1525-446 -> 1079 | F7: =1814-522 -> 1292 | G7: =1275-644 -> 631 | H7: =2199-675 -> 1524 | I7: 2083 | J7: =2249-663 -> 1586 | K7: 1369 | L7: 1289 | M7: =2342-616 -> 1726 | N7: 1064 | O7: =SUM(C7:N7) -> 15499 | P7: =SUM(C7:E7) -> 2935 | Q7: =SUM(F7:H7) -> 3447 | R7: =SUM(I7:K7) -> 5038 | S7: =SUM(L7:N7) -> 4079
A8: Total Water Withdrawal (DV) | B8: m3 | C8: =C3+C6+C7 -> 5645 | D8: =D3+D6+D7 -> 4256 | E8: =E3+E6+E7 -> 7754 | F8: =F3+F6+F7 -> 7684 | G8: =G3+G6+G7 -> 7024 | H8: =H3+H6+H7 -> 7778 | I8: =I3+I6+I7 -> 9017 | J8: =J3+J6+J7 -> 7827 | ... S8: =S3+S6+S7 -> 24795
A9: Total Water Withdrawal (YB) | B9: m3 | C9: =C4 -> 0 | D9: =D4 -> 0 | E9: =E4 -> 0 | F9: =F4 -> 0 | G9: =G4 -> 0 | H9: =H4 -> 0 | I9: =I4 -> 0 | J9: =J4 -> 0 | ... L9: =L4 -> 0 | M9: 0 | N9: 0 | O9: =O4 -> 0 | P9: =P4 -> 0 | Q9: =Q4 -> 0 | R9: =R4 -> 0 | S9: =S4 -> 0
A10: Total Water Withdrawal (DV+YB) | B10: m3 | C10: =SUM(C8:C9) -> 5645 | D10: =SUM(D8:D9) -> 4256 | E10: =SUM(E8:E9) -> 7754 | F10: =SUM(F8:F9) -> 7684 | G10: =SUM(G8:G9) -> 7024 | H10: =SUM(H8:H9) -> 7778 | I10: =SUM(I8:I9) -> 9017 | J10: =SUM(J8:J9) -> 7827 | ... S10: =SUM(S8:S9) -> 24795
A11: Specific Water Withdrawal (DV) | B11: m3/ton | C11: =Water!C8/'Production, Raw Mat'!C$3 -> 0.58741317 | D11: =D8/'Production, Raw Mat'!D$3 -> 0.67447629 | E11: =E8/'Production, Raw Mat'!E$3 -> 0.43726451 | F11: =F8/'Production, Raw Mat'!F$3 -> 0.48646904 | G11: =G8/'Production, Raw Mat'!G$3 -> 0.43649561 | H11: =H8/'Production, Raw Mat'!H$3 -> 0.4740366 | I11: =I8/'Production, Raw Mat'!I$3 -> 0.48861178 | J11: =J8/'Production, Raw Mat'!J$3 -> 0.48375642 | K11: =K8/'Production, Raw Mat'!K$3 -> 0.56085807 | ... N11: =N8/'Production, Raw Mat'!N$3 -> 0.57495799 | O11: =O8/[1]Product!O4 -> 885.87 | P11: =P8/[1]Product!P4 -> 176.55 | Q11: =Q8/[1]Product!Q4 -> #DIV/0! | R11: =R8/[1]Product!R4 -> #DIV/0! | S11: =S8/[1]Product!S4 -> #DIV/0!
A12: Specific Water Withdrawal (YB) | B12: m3/ton | C12: =Water!C9/'Production, Raw Mat'!C$4 -> #DIV/0! | D12: =Water!D9/'Production, Raw Mat'!D$4 -> #DIV/0! | E12: =Water!E9/'Production, Raw Mat'!E$4 -> #DIV/0! | F12: =Water!F9/'Production, Raw Mat'!F$4 -> #DIV/0! | G12: =Water!G9/'Production, Raw Mat'!G$4 -> #DIV/0! | H12: =Water!H9/'Production, Raw Mat'!H$4 -> #DIV/0! | I12: =Water!I9/'Production, Raw Mat'!I$4 -> #DIV/0! | J12: =Water!J9/'Production, Raw Mat'!J$4 -> #DIV/0! | ... S12: =Water!S9/'Production, Raw Mat'!S$4 -> 0
A13: Specific Water Withdrawal (DV+YB) | B13: m3/ton | C13: =Water!C10/'Production, Raw Mat'!C$5 -> 0.58741317 | D13: =Water!D10/'Production, Raw Mat'!D$5 -> 0.67447629 | E13: =Water!E10/'Production, Raw Mat'!E$5 -> 0.43726451 | F13: =Water!F10/'Production, Raw Mat'!F$5 -> 0.48646904 | G13: =Water!G10/'Production, Raw Mat'!G$5 -> 0.43649561 | H13: =Water!H10/'Production, Raw Mat'!H$5 -> 0.4740366 | I13: =Water!I10/'Production, Raw Mat'!I$5 -> 0.48861178 | J13: =Water!J10/'Production, Raw Mat'!J$5 -> 0.48375642 | ... S13: =Water!S10/'Production, Raw Mat'!S$5 -> 0.60782602
A15: Water Recycle | B15: unit | C15: Jan | D15: Feb | E15: Mar | F15: Apr | G15: May | H15: Jun | I15: Jul | J15: Aug | K15: Sep | L15: Oct | M15: Nov | N15: Dec | O15: YTD | P15: Q1 | Q15: Q2 | R15: Q3 | S15: Q4
A16: Water Recycle/ Nước tái sử dụng | B16: m3 | C16: =2597+450 -> 3047 | D16: =1561+578 -> 2139 | E16: =5295+374 -> 5669 | F16: 5231 | G16: =4072+381 -> 4453 | H16: =3740+505 -> 4245 | I16: 6172 | J16: 5372 | K16: 4704 | L16: =4212+340 -> 4552 | M16: =4812+375 -> 5187 | N16: =4983+409 -> 5392 | P16: =SUM(C16:E16) -> 10855 | Q16: =SUM(F16:H16) -> 13929 | R16: =SUM(I16:K16) -> 16248 | S16: =SUM(L16:N16) -> 15131
A18: Ko có nước ngầm
A20: Ko có nước ngầm | D20: Jan | E20: Feb | F20: Mar | G20: Apr | H20: May | I20: Jun | J20: Jul | K20: Aug | L20: Sep | M20: Oct | N20: Nov | O20: Dec
C21: Total Water Withdrawal | D21: 12839 | E21: 6903 | F21: 9043 | G21: 11134 | H21: 14106 | I21: 13676 | J21: 13709 | K21: 12091 | L21: 12437 | M21: 10166 | N21: 12485 | O21: 0
C22: Water Recycle/ Nước tái sử dụng | D22: 4254 | E22: 1350 | F22: 4198 | G22: 4986 | H22: 5449 | I22: 4655 | J22: 4177 | K22: 5816 | L22: 5681 | M22: 5544 | N22: 4951

Sheet Waste
A2: Hazardous Waste (ton)/ CHẤT THẢI NGUY HẠI | B2: Jan | G2: Feb | L2: Mar | Q2: Apr | V2: May | AA2: Jun | AF2: Jul | AK2: Aug | AP2: Sep | AU2: Oct | AZ2: Nov | BE2: Dec | BM2: Total (Jan-Dec)
B3: Incoming Stock/ Tồn đầu | C3: Waste generated/ Chất thải phát sinh | D3: Waste Management | G3: Incoming Stock/ Tồn đầu | H3: Waste generated/ Chất thải phát sinh | I3: Waste Management | L3: Incoming Stock/ Tồn đầu | M3: Waste generated/ Chất thải phát sinh | N3: Waste Management | Q3: Incoming Stock/ Tồn đầu | R3: Waste generated/ Chất thải phát sinh | S3: Waste Management | V3: Incoming Stock/ Tồn đầu | W3: Waste generated/ Chất thải phát sinh | X3: Waste Management | AA3: Incoming Stock/ Tồn đầu | AB3: Waste generated/ Chất thải phát sinh | AC3: Waste Management | AF3: Incoming Stock/ Tồn đầu | AG3: Waste generated/ Chất thải phát sinh | AH3: Waste Management | AK3: Incoming Stock/ Tồn đầu | AL3: Waste generated/ Chất thải phát sinh | AM3: Waste Management | AP3: Incoming Stock/ Tồn đầu | AQ3: Waste generated/ Chất thải phát sinh | AR3: Waste Management | AU3: Incoming Stock/ Tồn đầu | AV3: Waste generated/ Chất thải phát sinh | AW3: Waste Management | AZ3: Incoming Stock/ Tồn đầu | BA3: Waste generated/ Chất thải phát sinh | BB3: Waste Management | BE3: Incoming Stock/ Tồn đầu | BF3: Waste generated/ Chất thải phát sinh | BG3: Waste Management | BJ3: Outgoing Stock (Estimate) | BK3: Outgoing Stock (Actual) | BL3: Waste generated (Actual) | BM3: Waste generated | BN3: Landfill
D4: Reuse/Recycle/ Tái sử dụng | E4: Incineration/ Chất thải đốt | F4: Landfill/ CHất thải chôn lấp | I4: Reuse/Recycle/ Tái sử dụng | J4: Incineration/ Chất thải đốt | K4: Landfill/ CHất thải chôn lấp | N4: Reuse/Recycle/ Tái sử dụng | O4: Incineration/ Chất thải đốt | P4: Landfill/ CHất thải chôn lấp | S4: Reuse/Recycle/ Tái sử dụng | T4: Incineration/ Chất thải đốt | U4: Landfill/ CHất thải chôn lấp | X4: Reuse/Recycle/ Tái sử dụng | Y4: Incineration/ Chất thải đốt | Z4: Landfill/ CHất thải chôn lấp | AC4: Reuse/Recycle/ Tái sử dụng | AD4: Incineration/ Chất thải đốt | AE4: Landfill/ CHất thải chôn lấp | AH4: Reuse/Recycle/ Tái sử dụng | AI4: Incineration/ Chất thải đốt | AJ4: Landfill/ CHất thải chôn lấp | AM4: Reuse/Recycle/ Tái sử dụng | AN4: Incineration/ Chất thải đốt | AO4: Landfill/ CHất thải chôn lấp | AR4: Reuse/Recycle/ Tái sử dụng | AS4: Incineration/ Chất thải đốt | AT4: Landfill/ CHất thải chôn lấp | AW4: Reuse/Recycle/ Tái sử dụng | AX4: Incineration/ Chất thải đốt | AY4: Landfill/ CHất thải chôn lấp | BB4: Reuse/Recycle/ Tái sử dụng | BC4: Incineration/ Chất thải đốt | BD4: Landfill/ CHất thải chôn lấp | BG4: Reuse/Recycle/ Tái sử dụng | BH4: Incineration/ Chất thải đốt | BI4: Landfill/ CHất thải chôn lấp
A5: Contaminated Cloth/ Bao gồm giẻ lau, gang tay dính hóa chất, dính dầu | B5: 0.3472 | C5: 0.03 | G5: =(B5+C5)-(D5+E5+F5) -> 0.3772 | H5: 0.4042 | L5: =(G5+H5)-(I5+J5+K5) -> 0.7814 | M5: 0.3202 | Q5: =(L5+M5)-(N5+O5+P5) -> 1.1016 | R5: 0.2031 | V5: =(Q5+R5)-(S5+T5+U5) -> 1.3047 | W5: 0.114 | AA5: =(V5+W5)-(X5+Y5+Z5) -> 1.4187 | AB5: 0.215 | AD5: 0.8 | AF5: =(AA5+AB5)-(AC5+AD5+AE5) -> 0.8337 | AG5: 0.149 | AK5: =(AF5+AG5)-(AH5+AI5+AJ5) -> 0.9827 | AL5: 0.198 | AP5: =(AK5+AL5)-(AM5+AN5+AO5) -> 1.1807 | AQ5: 0.136 | AU5: =(AP5+AQ5)-(AR5+AS5+AT5) -> 1.3167 | AV5: 0.1215 | AZ5: =(AU5+AV5)-(AW5+AX5+AY5) -> 1.4382 | BA5: 0.19 | BE5: =(AZ5+BA5)-(BB5+BC5+BD5) -> 1.6282 | BF5: 0.182 | BJ5: =(BE5+BF5)-(BG5+BH5+BI5) -> 1.8102 | BL5: =(BG5+BH5+BI5)+BK5-BE5 -> -1.6282 | BO5: =C5+H5+M5+R5+W5+AB5+AG5+AL5+AQ5+AV5+BA5+BF5 -> 2.263
A6: Used oil/ Tất cả các loại dầu đã qua sử dụng thải | B6: 5.8526 | C6: 0 | G6: =(B6+C6)-(D6+E6+F6) -> 5.8526 | H6: 6.0424 | J6: 11.095 | L6: =(G6+H6)-(I6+J6+K6) -> 0.8 | M6: 2 | Q6: =(L6+M6)-(N6+O6+P6) -> 2.8 | R6: 0.2 | V6: =(Q6+R6)-(S6+T6+U6) -> 3 | W6: 0 | AA6: =(V6+W6)-(X6+Y6+Z6) -> 3 | AB6: 1 | AF6: =(AA6+AB6)-(AC6+AD6+AE6) -> 4 | AG6: 0 | AK6: =(AF6+AG6)-(AH6+AI6+AJ6) -> 4 | AL6: 0.2 | AN6: 3.062 | AP6: =(AK6+AL6)-(AM6+AN6+AO6) -> 1.138 | AQ6: 0 | AU6: =(AP6+AQ6)-(AR6+AS6+AT6) -> 1.138 | AV6: 0.2 | AZ6: =(AU6+AV6)-(AW6+AX6+AY6) -> 1.338 | BA6: 0 | BE6: =(AZ6+BA6)-(BB6+BC6+BD6) -> 1.338 | BF6: 1.7 | BJ6: =(BE6+BF6)-(BG6+BH6+BI6) -> 3.038 | BL6: =(BG6+BH6+BI6)+BK6-BE6 -> -1.338 | BO6: =BO5-BJ5 -> 0.4528
A7: Package contaminated / Vỏ thùng sơn, vỏ thùng dính dầu thải, các loại bao bì nhựa hoặc kim loại dính hóa chất, | B7: 2.413 | C7: 0.1281 | G7: =(B7+C7)-(D7+E7+F7) -> 2.5411 | H7: 0.1866 | I7: 0.805 | L7: =(G7+H7)-(I7+J7+K7) -> 1.9227 | M7: 0.2339 | Q7: =(L7+M7)-(N7+O7+P7) -> 2.1566 | R7: 0.1807 | V7: =(Q7+R7)-(S7+T7+U7) -> 2.3373 | W7: 0.201 | AA7: =(V7+W7)-(X7+Y7+Z7) -> 2.5383 | AB7: 0.333 | AC7: 0.96 | AF7: =(AA7+AB7)-(AC7+AD7+AE7) -> 1.9113 | AG7: 0.1405 | AK7: =(AF7+AG7)-(AH7+AI7+AJ7) -> 2.0518 | AL7: 0.934 | AM7: =0.6825+1.1125 -> 1.795 | AP7: =(AK7+AL7)-(AM7+AN7+AO7) -> 1.1908 | AQ7: 0.1742 | AU7: =(AP7+AQ7)-(AR7+AS7+AT7) -> 1.365 | AV7: 0.2145 | AZ7: =(AU7+AV7)-(AW7+AX7+AY7) -> 1.5795 | BA7: 0.2105 | BE7: =(AZ7+BA7)-(BB7+BC7+BD7) -> 1.79 | BF7: 0.185 | BJ7: =(BE7+BF7)-(BG7+BH7+BI7) -> 1.975 | BL7: =(BG7+BH7+BI7)+BK7-BE7 -> -1.79
A8: Electronic equipment / Các thiết bị điện thải bao gồm các thiết bị điện, các loại bóng đèn thải, ắc quy, pin hỏng | B8: 0.1484 | C8: 0.013 | G8: =(B8+C8)-(D8+E8+F8) -> 0.1614 | H8: 0.022 | L8: =(G8+H8)-(I8+J8+K8) -> 0.1834 | M8: 0.0096 | Q8: =(L8+M8)-(N8+O8+P8) -> 0.193 | R8: 0.005 | V8: =(Q8+R8)-(S8+T8+U8) -> 0.198 | W8: 0 | AA8: =(V8+W8)-(X8+Y8+Z8) -> 0.198 | AB8: 0.01 | AF8: =(AA8+AB8)-(AC8+AD8+AE8) -> 0.208 | AG8: 0.007 | AK8: =(AF8+AG8)-(AH8+AI8+AJ8) -> 0.215 | AL8: 0.0183 | AN8: =76/1000 -> 0.076 | AP8: =(AK8+AL8)-(AM8+AN8+AO8) -> 0.1573 | AQ8: 0.015 | AU8: =(AP8+AQ8)-(AR8+AS8+AT8) -> 0.1723 | AV8: 0.008 | AZ8: =(AU8+AV8)-(AW8+AX8+AY8) -> 0.1803 | BA8: 0.003 | BE8: =(AZ8+BA8)-(BB8+BC8+BD8) -> 0.1833 | BF8: 0.005 | BJ8: =(BE8+BF8)-(BG8+BH8+BI8) -> 0.1883 | BL8: =(BG8+BH8+BI8)+BK8-BE8 -> -0.1833
A9: Insulation/ Vật liệu cách nhiệt (amiăng thải, bông thủy tinh) | B9: 1.6998 | C9: 0.029 | G9: =(B9+C9)-(D9+E9+F9) -> 1.7288 | H9: =0.2406+0.0636 -> 0.3042 | L9: =(G9+H9)-(I9+J9+K9) -> 2.033 | M9: 0.078 | Q9: =(L9+M9)-(N9+O9+P9) -> 2.111 | R9: 0.1418 | V9: =(Q9+R9)-(S9+T9+U9) -> 2.2528 | W9: 0.231 | AA9: =(V9+W9)-(X9+Y9+Z9) -> 2.4838 | AB9: =0.0425+0.017 -> 0.0595 | AF9: =(AA9+AB9)-(AC9+AD9+AE9) -> 2.5433 | AG9: 0.004 | AK9: =(AF9+AG9)-(AH9+AI9+AJ9) -> 2.5473 | AL9: 0.007 | AP9: =(AK9+AL9)-(AM9+AN9+AO9) -> 2.5543 | AQ9: 0.108 | AU9: =(AP9+AQ9)-(AR9+AS9+AT9) -> 2.6623 | AV9: 5.015 | AX9: 6.46 | AZ9: =(AU9+AV9)-(AW9+AX9+AY9) -> 1.2173 | BA9: 0.005 | BE9: =(AZ9+BA9)-(BB9+BC9+BD9) -> 1.2223 | BF9: 0.03 | BJ9: =(BE9+BF9)-(BG9+BH9+BI9) -> 1.2523 | BL9: =(BG9+BH9+BI9)+BK9-BE9 -> -1.2223
A10: Đất dính hóa chất | B10: 0.2316 | C10: 0 | G10: =(B10+C10)-(D10+E10+F10) -> 0.2316 | H10: 0 | L10: =(G10+H10)-(I10+J10+K10) -> 0.2316 | M10: 0 | Q10: =(L10+M10)-(N10+O10+P10) -> 0.2316 | R10: 0 | V10: =(Q10+R10)-(S10+T10+U10) -> 0.2316 | W10: 0 | AA10: =(V10+W10)-(X10+Y10+Z10) -> 0.2316 | AB10: 0 | AF10: =(AA10+AB10)-(AC10+AD10+AE10) -> 0.2316 | AG10: 0 | AK10: =(AF10+AG10)-(AH10+AI10+AJ10) -> 0.2316 | AL10: 0 | AP10: =(AK10+AL10)-(AM10+AN10+AO10) -> 0.2316 | AQ10: 0 | AU10: =(AP10+AQ10)-(AR10+AS10+AT10) -> 0.2316 | AV10: 0 | AZ10: =(AU10+AV10)-(AW10+AX10+AY10) -> 0.2316 | BA10: 0 | BE10: =(AZ10+BA10)-(BB10+BC10+BD10) -> 0.2316 | BF10: 0 | BJ10: =(BE10+BF10)-(BG10+BH10+BI10) -> 0.2316 | BL10: =(BG10+BH10+BI10)+BK10-BE10 -> -0.2316
A11: Cặn rắn từ quá trình sử lý men | B11: 0.04 | C11: 0 | G11: =(B11+C11)-(D11+E11+F11) -> 0.04 | H11: 0 | L11: =(G11+H11)-(I11+J11+K11) -> 0.04 | M11: 0 | Q11: =(L11+M11)-(N11+O11+P11) -> 0.04 | R11: 0 | V11: =(Q11+R11)-(S11+T11+U11) -> 0.04 | W11: 0 | AA11: =(V11+W11)-(X11+Y11+Z11) -> 0.04 | AB11: 0 | AF11: =(AA11+AB11)-(AC11+AD11+AE11) -> 0.04 | AG11: 0 | AK11: =(AF11+AG11)-(AH11+AI11+AJ11) -> 0.04 | AL11: 0 | AP11: =(AK11+AL11)-(AM11+AN11+AO11) -> 0.04 | AQ11: 0 | AU11: =(AP11+AQ11)-(AR11+AS11+AT11) -> 0.04 | AV11: 0 | AZ11: =(AU11+AV11)-(AW11+AX11+AY11) -> 0.04 | BA11: 0 | BE11: =(AZ11+BA11)-(BB11+BC11+BD11) -> 0.04 | BF11: 0 | BJ11: =(BE11+BF11)-(BG11+BH11+BI11) -> 0.04 | BL11: =(BG11+BH11+BI11)+BK11-BE11 -> -0.04
A12: Nước rửa băng tải | C12: 0 | H12: 0 | M12: 0 | W12: 0 | AB12: 0
B13: 0 | G13: =(B13+C13)-(D13+E13+F13) -> 0 | H13: 0 | L13: =(G13+H13)-(I13+J13+K13) -> 0 | Q13: =(L13+M13)-(N13+O13+P13) -> 0 | V13: =(Q13+R13)-(S13+T13+U13) -> 0 | AA13: =(V13+W13)-(X13+Y13+Z13) -> 0 | AF13: =(AA13+AB13)-(AC13+AD13+AE13) -> 0 | AK13: =(AF13+AG13)-(AH13+AI13+AJ13) -> 0 | AP13: =(AK13+AL13)-(AM13+AN13+AO13) -> 0 | AU13: =(AP13+AQ13)-(AR13+AS13+AT13) -> 0 | AZ13: =(AU13+AV13)-(AW13+AX13+AY13) -> 0 | BE13: =(AZ13+BA13)-(BB13+BC13+BD13) -> 0 | BJ13: =(BE13+BF13)-(BG13+BH13+BI13) -> 0 | BL13: =(BG13+BH13+BI13)+BK13-BE13 -> 0
A14: Total Hazardous Waste Generate (ton) | B14: =SUM(B5:B13) -> 10.7326 | C14: =SUM(C5:C13) -> 0.2001 | D14: =SUM(D5:D13) -> 0 | E14: =SUM(E5:E13) -> 0 | F14: =SUM(F5:F13) -> 0 | G14: =SUM(G5:G13) -> 10.9327 | H14: =SUM(H5:H13) -> 6.9594 | I14: =SUM(I5:I13) -> 0.805 | ... BL14: =SUM(BL5:BL13) -> -6.4334 | BM14: =C14+H14+M14+R14+W14+AB14+AG14+AL14+AQ14+AV14+BA14+BF14 -> 22.8558 | BN14: =F14+K14+P14+U14+Z14+AE14+AJ14+AO14+AT14+AY14+BD14+BI14 -> 0
A15: Specific Hazardous Waste Generate (kg/ton) | C15: =C14*1000/'Production, Raw Mat'!C$5 -> 0.02082221 | F15: =F14*1000/'Production, Raw Mat'!C$3 -> 0 | H15: =H14*1000/'Production, Raw Mat'!D$5 -> 1.1029019 | K15: =K14*1000/'Production, Raw Mat'!D$5 -> 0 | M15: =M14*1000/'Production, Raw Mat'!E$5 -> 0.14897107 | P15: =P14*1000/'Production, Raw Mat'!E$5 -> 0 | R15: =R14*1000/'Production, Raw Mat'!F$5 -> 0.046253811 | U15: =U14*1000/'Production, Raw Mat'!F$5 -> 0 | W15: =W14*1000/'Production, Raw Mat'!G$5 -> 0.033930325 | Z15: =Z14*1000/'Production, Raw Mat'!G$5 -> 0 | AB15: =AB14*1000/'Production, Raw Mat'!H$5 -> 0.098579866 | AE15: =AE14*1000/'Production, Raw Mat'!H$5 -> 0 | AG15: =AG14*1000/'Production, Raw Mat'!I$5 -> 0.016283447 | AJ15: =AJ14*1000/'Production, Raw Mat'!I$5 -> 0 | AL15: =AL14*1000/'Production, Raw Mat'!J$5 -> 0.083889433 | AO15: =AO14*1000/'Production, Raw Mat'!J$5 -> 0 | AQ15: =AQ14*1000/'Production, Raw Mat'!K$5 -> 0.035693215 | AT15: =AT14*1000/'Production, Raw Mat'!K$5 -> 0 | AV15: =AV14*1000/'Production, Raw Mat'!L$5 -> 0.44597439 | AY15: =AY14*1000/'Production, Raw Mat'!L$5 -> 0 | BA15: =BA14*1000/'Production, Raw Mat'!M$5 -> 0.033146314 | BD15: =BD14*1000/'Production, Raw Mat'!M$5 -> 0 | BF15: =BF14*1000/'Production, Raw Mat'!R$5 -> 0.044942653 | BI15: =BI14*1000/'Production, Raw Mat'!N$5 -> 0 | BL15: =BL14*1000/'Production, Raw Mat'!N$5 -> -0.40198861 | BM15: =BM14*1000/'Production, Raw Mat'!$O$5 -> 0.13483302 | BN15: =BN14*1000/'Production, Raw Mat'!$O$5 -> 0
A17: Non Hazardous Waste (ton)/ CHẤT THẢI THÔNG THƯỜNG | B17: Jan | G17: Feb | L17: Mar | Q17: Apr | V17: May | AA17: Jun | AF17: Jul | AK17: Aug | AP17: Sep | AU17: Oct | AZ17: Nov | BE17: Dec | BM17: Total (Jan-Dec)
B18: Incoming Stock/ Tồn đầu | C18: Waste generated/ Chất thải phát sinh | D18: Waste Management | G18: Incoming Stock/ Tồn đầu | H18: Waste generated/ Chất thải phát sinh | I18: Waste Management | L18: Incoming Stock/ Tồn đầu | M18: Waste generated/ Chất thải phát sinh | N18: Waste Management | Q18: Incoming Stock/ Tồn đầu | R18: Waste generated/ Chất thải phát sinh | S18: Waste Management | V18: Incoming Stock/ Tồn đầu | W18: Waste generated/ Chất thải phát sinh | X18: Waste Management | AA18: Incoming Stock/ Tồn đầu | AB18: Waste generated/ Chất thải phát sinh | AC18: Waste Management | AF18: Incoming Stock/ Tồn đầu | AG18: Waste generated/ Chất thải phát sinh | AH18: Waste Management | AK18: Incoming Stock/ Tồn đầu | AL18: Waste generated/ Chất thải phát sinh | AM18: Waste Management | AP18: Incoming Stock/ Tồn đầu | AQ18: Waste generated/ Chất thải phát sinh | AR18: Waste Management | AU18: Incoming Stock/ Tồn đầu | AV18: Waste generated/ Chất thải phát sinh | AW18: Waste Management | AZ18: Incoming Stock/ Tồn đầu | BA18: Waste generated/ Chất thải phát sinh | BB18: Waste Management | BE18: Incoming Stock/ Tồn đầu | BF18: Waste generated/ Chất thải phát sinh | BG18: Waste Management | BJ18: Outgoing Stock (Estimate) | BK18: Outgoing Stock (Actual) | BL18: Waste generated (Actual) | BM18: Waste generated | BN18: Landfill
D19: Reuse/Recycle/ Tái sử dụng | E19: Incineration/ Chất thải đốt | F19: Landfill/ CHất thải chôn lấp | I19: Reuse/Recycle/ Tái sử dụng | J19: Incineration/ Chất thải đốt | K19: Landfill/ CHất thải chôn lấp | N19: Reuse/Recycle/ Tái sử dụng | O19: Incineration/ Chất thải đốt | P19: Landfill/ CHất thải chôn lấp | S19: Reuse/Recycle/ Tái sử dụng | T19: Incineration/ Chất thải đốt | U19: Landfill/ CHất thải chôn lấp | X19: Reuse/Recycle/ Tái sử dụng | Y19: Incineration/ Chất thải đốt | Z19: Landfill/ CHất thải chôn lấp | AC19: Reuse/Recycle/ Tái sử dụng | AD19: Incineration/ Chất thải đốt | AE19: Landfill/ CHất thải chôn lấp | AH19: Reuse/Recycle/ Tái sử dụng | AI19: Incineration/ Chất thải đốt | AJ19: Landfill/ CHất thải chôn lấp | AM19: Reuse/Recycle/ Tái sử dụng | AN19: Incineration/ Chất thải đốt | AO19: Landfill/ CHất thải chôn lấp | AR19: Reuse/Recycle/ Tái sử dụng | AS19: Incineration/ Chất thải đốt | AT19: Landfill/ CHất thải chôn lấp | AW19: Reuse/Recycle/ Tái sử dụng | AX19: Incineration/ Chất thải đốt | AY19: Landfill/ CHất thải chôn lấp | BB19: Reuse/Recycle/ Tái sử dụng | BC19: Incineration/ Chất thải đốt | BD19: Landfill/ CHất thải chôn lấp | BG19: Reuse/Recycle/ Tái sử dụng | BH19: Incineration/ Chất thải đốt | BI19: Landfill/ CHất thải chôn lấp
A20: Tiles after kiln, coal slag/ Gạch sau nung, sỉ than, | B20: 0 | C20: =68780/1000 -> 68.78 | D20: =68780/1000 -> 68.78 | G20: =(B20+C20)-(D20+E20+F20) -> 0 | H20: =195200/1000 -> 195.2 | J20: 195.2 | L20: =(G20+H20)-(I20+J20+K20) -> 0 | M20: 0 | Q20: =(L20+M20)-(N20+O20+P20) -> 0 | R20: 0 | V20: =(Q20+R20)-(S20+T20+U20) -> 0 | W20: 0 | AA20: =(V20+W20)-(X20+Y20+Z20) -> 0 | AB20: 0 | AF20: =(AA20+AB20)-(AC20+AD20+AE20) -> 0 | AG20: 0 | AK20: =(AF20+AG20)-(AH20+AI20+AJ20) -> 0 | AL20: 0 | AP20: =(AK20+AL20)-(AM20+AN20+AO20) -> 0 | AQ20: 0 | AU20: =(AP20+AQ20)-(AR20+AS20+AT20) -> 0 | AV20: 0 | AZ20: =(AU20+AV20)-(AW20+AX20+AY20) -> 0 | BA20: 0 | BE20: =(AZ20+BA20)-(BB20+BC20+BD20) -> 0 | BF20: 0 | BJ20: =(BE20+BF20)-(BG20+BH20+BI20) -> 0 | BL20: =(BG20+BH20+BI20)+BK20-BE20 -> 0
A21: Sludge/ Bùn | B21: 0 | C21: 0 | G21: =(B21+C21)-(D21+E21+F21) -> 0 | H21: 0 | L21: =(G21+H21)-(I21+J21+K21) -> 0 | M21: 0 | Q21: =(L21+M21)-(N21+O21+P21) -> 0 | R21: 0 | V21: =(Q21+R21)-(S21+T21+U21) -> 0 | W21: 0 | AA21: =(V21+W21)-(X21+Y21+Z21) -> 0 | AB21: 0 | AF21: =(AA21+AB21)-(AC21+AD21+AE21) -> 0 | AG21: 0 | AK21: =(AF21+AG21)-(AH21+AI21+AJ21) -> 0 | AL21: 0 | AP21: =(AK21+AL21)-(AM21+AN21+AO21) -> 0 | AQ21: 0 | AU21: =(AP21+AQ21)-(AR21+AS21+AT21) -> 0 | AV21: 0 | AZ21: =(AU21+AV21)-(AW21+AX21+AY21) -> 0 | BA21: 0 | BE21: =(AZ21+BA21)-(BB21+BC21+BD21) -> 0 | BF21: 0 | BJ21: =(BE21+BF21)-(BG21+BH21+BI21) -> 0 | BL21: =(BG21+BH21+BI21)+BK21-BE21 -> 0
A22: Paper packaging/ Giấy bao bì, các loại giấy bỏ, cốt băng dính, bao bì catton, hộp catton | B22: 0 | C22: 1.92 | D22: 1.92 | G22: =(B22+C22)-(D22+E22+F22) -> 0 | H22: 0 | L22: =(G22+H22)-(I22+J22+K22) -> 0 | M22: 1.4 | N22: 1.4 | Q22: =(L22+M22)-(N22+O22+P22) -> 0 | R22: 0 | V22: =(Q22+R22)-(S22+T22+U22) -> 0 | W22: 4.82 | X22: 4.82 | AA22: =(V22+W22)-(X22+Y22+Z22) -> 0 | AB22: 0 | AF22: =(AA22+AB22)-(AC22+AD22+AE22) -> 0 | AG22: 1.52 | AH22: 1.52 | AK22: =(AF22+AG22)-(AH22+AI22+AJ22) -> 0 | AL22: 0 | AP22: =(AK22+AL22)-(AM22+AN22+AO22) -> 0 | AQ22: 1.68 | AR22: 1.68 | AU22: =(AP22+AQ22)-(AR22+AS22+AT22) -> 0 | AV22: 0 | AZ22: =(AU22+AV22)-(AW22+AX22+AY22) -> 0 | BA22: 1.58 | BB22: 1.58 | BE22: =(AZ22+BA22)-(BB22+BC22+BD22) -> 0 | BF22: 1.42 | BG22: 1.42 | BJ22: =(BE22+BF22)-(BG22+BH22+BI22) -> 0 | BL22: =(BG22+BH22+BI22)+BK22-BE22 -> 1.42
A23: Plastic packaging, (Wrap, Bigbag)/ Nhựa bao gồm các loại vật dụng làm từ nhựa bỏ | B23: 0 | C23: 0.58 | D23: 0.58 | G23: =(B23+C23)-(D23+E23+F23) -> 0 | H23: 0 | L23: =(G23+H23)-(I23+J23+K23) -> 0 | M23: 0.26 | N23: 0.26 | Q23: =(L23+M23)-(N23+O23+P23) -> 0 | R23: 0 | V23: =(Q23+R23)-(S23+T23+U23) -> 0 | W23: 0.42 | X23: 0.42 | AA23: =(V23+W23)-(X23+Y23+Z23) -> 0 | AB23: 0 | AF23: =(AA23+AB23)-(AC23+AD23+AE23) -> 0 | AG23: 0.38 | AH23: 0.38 | AK23: =(AF23+AG23)-(AH23+AI23+AJ23) -> 0 | AL23: 0.177 | AM23: 0.177 | AP23: =(AK23+AL23)-(AM23+AN23+AO23) -> 0 | AQ23: 0.38 | AR23: 0.38 | AU23: =(AP23+AQ23)-(AR23+AS23+AT23) -> 0 | AV23: 0 | AZ23: =(AU23+AV23)-(AW23+AX23+AY23) -> 0 | BA23: 0.22 | BB23: 0.22 | BE23: =(AZ23+BA23)-(BB23+BC23+BD23) -> 0 | BF23: 0.24 | BG23: 0.24 | BJ23: =(BE23+BF23)-(BG23+BH23+BI23) -> 0 | BL23: =(BG23+BH23+BI23)+BK23-BE23 -> 0.24
A24: Wooden Packaging (Pallet, gỗ củi) | B24: 0 | C24: 0 | G24: =(B24+C24)-(D24+E24+F24) -> 0 | H24: 0 | L24: =(G24+H24)-(I24+J24+K24) -> 0 | M24: 0 | Q24: =(L24+M24)-(N24+O24+P24) -> 0 | R24: 0 | V24: =(Q24+R24)-(S24+T24+U24) -> 0 | W24: 0 | AA24: =(V24+W24)-(X24+Y24+Z24) -> 0 | AB24: 0 | AF24: =(AA24+AB24)-(AC24+AD24+AE24) -> 0 | AG24: 0 | AK24: =(AF24+AG24)-(AH24+AI24+AJ24) -> 0 | AL24: 0 | AP24: =(AK24+AL24)-(AM24+AN24+AO24) -> 0 | AQ24: 0 | AU24: =(AP24+AQ24)-(AR24+AS24+AT24) -> 0 | AV24: 0 | AZ24: =(AU24+AV24)-(AW24+AX24+AY24) -> 0 | BA24: 0 | BE24: =(AZ24+BA24)-(BB24+BC24+BD24) -> 0 | BF24: 0 | BJ24: =(BE24+BF24)-(BG24+BH24+BI24) -> 0 | BL24: =(BG24+BH24+BI24)+BK24-BE24 -> 0
A25: Rubber/ Cao su (bao gồm các loại dây cao su, dây đai cao su, một số đồ dùng cho sản xuất làm từ cao su) | B25: 4.069 | C25: 0.05 | G25: =(B25+C25)-(D25+E25+F25) -> 4.119 | H25: 1.4647 | L25: =(G25+H25)-(I25+J25+K25) -> 5.5837 | M25: =0.1545+2.76 -> 2.9145 | N25: 2.76 | Q25: =(L25+M25)-(N25+O25+P25) -> 5.7382 | R25: 0.1845 | V25: =(Q25+R25)-(S25+T25+U25) -> 5.9227 | W25: 0.224 | AA25: =(V25+W25)-(X25+Y25+Z25) -> 6.1467 | AB25: 0.3395 | AF25: =(AA25+AB25)-(AC25+AD25+AE25) -> 6.4862 | AG25: 0.1462 | AK25: =(AF25+AG25)-(AH25+AI25+AJ25) -> 6.6324 | AL25: 0.089 | AP25: =(AK25+AL25)-(AM25+AN25+AO25) -> 6.7214 | AQ25: 0.372 | AU25: =(AP25+AQ25)-(AR25+AS25+AT25) -> 7.0934 | AV25: 0.165 | AZ25: =(AU25+AV25)-(AW25+AX25+AY25) -> 7.2584 | BA25: =0.094+4.8 -> 4.894 | BB25: 4.8 | BE25: =(AZ25+BA25)-(BB25+BC25+BD25) -> 7.3524 | BF25: 0.08 | BJ25: =(BE25+BF25)-(BG25+BH25+BI25) -> 7.4324 | BL25: =(BG25+BH25+BI25)+BK25-BE25 -> -7.3524
A26: Refractory/ Gạch chịu lửa (Gạch lò tầng sôi, gạch xây lò nung, tháp sấy phun) | B26: 0 | C26: 0 | G26: =(B26+C26)-(D26+E26+F26) -> 0 | H26: 0 | L26: =(G26+H26)-(I26+J26+K26) -> 0 | M26: 0 | Q26: =(L26+M26)-(N26+O26+P26) -> 0 | R26: 0 | V26: =(Q26+R26)-(S26+T26+U26) -> 0 | W26: 0 | AA26: =(V26+W26)-(X26+Y26+Z26) -> 0 | AB26: 0 | AF26: =(AA26+AB26)-(AC26+AD26+AE26) -> 0 | AG26: 0 | AK26: =(AF26+AG26)-(AH26+AI26+AJ26) -> 0 | AL26: 0 | AP26: =(AK26+AL26)-(AM26+AN26+AO26) -> 0 | AQ26: 0 | AU26: =(AP26+AQ26)-(AR26+AS26+AT26) -> 0 | AV26: 0 | AZ26: =(AU26+AV26)-(AW26+AX26+AY26) -> 0 | BA26: 0 | BE26: =(AZ26+BA26)-(BB26+BC26+BD26) -> 0 | BF26: 0 | BJ26: =(BE26+BF26)-(BG26+BH26+BI26) -> 0 | BL26: =(BG26+BH26+BI26)+BK26-BE26 -> 0
A27: Other (Dây dù, Túi lọc bụi (filter bag)) | B27: 1.8301 | C27: 0 | G27: =(B27+C27)-(D27+E27+F27) -> 1.8301 | H27: 0.081 | L27: =(G27+H27)-(I27+J27+K27) -> 1.9111 | N27: 0 | Q27: =(L27+M27)-(N27+O27+P27) -> 1.9111 | R27: 0 | V27: =(Q27+R27)-(S27+T27+U27) -> 1.9111 | W27: 0 | AA27: =(V27+W27)-(X27+Y27+Z27) -> 1.9111 | AB27: 0 | AF27: =(AA27+AB27)-(AC27+AD27+AE27) -> 1.9111 | AG27: 0 | AK27: =(AF27+AG27)-(AH27+AI27+AJ27) -> 1.9111 | AL27: 0 | AP27: =(AK27+AL27)-(AM27+AN27+AO27) -> 1.9111 | AQ27: 0 | AU27: =(AP27+AQ27)-(AR27+AS27+AT27) -> 1.9111 | AV27: 0 | AZ27: =(AU27+AV27)-(AW27+AX27+AY27) -> 1.9111 | BA27: 0 | BE27: =(AZ27+BA27)-(BB27+BC27+BD27) -> 1.9111 | BF27: 0 | BJ27: =(BE27+BF27)-(BG27+BH27+BI27) -> 1.9111 | BL27: =(BG27+BH27+BI27)+BK27-BE27 -> -1.9111
A28: iron waste (Sắt phế liệu) | B28: 0 | C28: =28280/1000 -> 28.28 | D28: =28280/1000 -> 28.28 | G28: =(B28+C28)-(D28+E28+F28) -> 0 | H28: 14.96 | I28: 14.96 | L28: =(G28+H28)-(I28+J28+K28) -> 0 | M28: 35 | N28: 35 | Q28: =(L28+M28)-(N28+O28+P28) -> 0 | R28: 0 | V28: =(Q28+R28)-(S28+T28+U28) -> 0 | W28: 43.04 | X28: 43.04 | AA28: =(V28+W28)-(X28+Y28+Z28) -> 0 | AB28: 9 | AC28: 9 | AF28: =(AA28+AB28)-(AC28+AD28+AE28) -> 0 | AG28: 0 | AK28: =(AF28+AG28)-(AH28+AI28+AJ28) -> 0 | AL28: 0 | AP28: =(AK28+AL28)-(AM28+AN28+AO28) -> 0 | AQ28: 0 | AU28: =(AP28+AQ28)-(AR28+AS28+AT28) -> 0 | AV28: 0 | AZ28: =(AU28+AV28)-(AW28+AX28+AY28) -> 0 | BA28: 0 | BE28: =(AZ28+BA28)-(BB28+BC28+BD28) -> 0 | BF28: 0 | BJ28: =(BE28+BF28)-(BG28+BH28+BI28) -> 0 | BL28: =(BG28+BH28+BI28)+BK28-BE28 -> 0
A29: Con lăn hỏng | B29: 0 | C29: 0 | G29: =(B29+C29)-(D29+E29+F29) -> 0 | L29: =(G29+H29)-(I29+J29+K29) -> 0 | M29: 3.34 | N29: 3.34 | Q29: =(L29+M29)-(N29+O29+P29) -> 0 | R29: 0 | V29: =(Q29+R29)-(S29+T29+U29) -> 0 | W29: 0 | AA29: =(V29+W29)-(X29+Y29+Z29) -> 0 | AB29: 1 | AC29: 1 | AF29: =(AA29+AB29)-(AC29+AD29+AE29) -> 0 | AG29: 0 | AK29: =(AF29+AG29)-(AH29+AI29+AJ29) -> 0 | AL29: 0 | AP29: =(AK29+AL29)-(AM29+AN29+AO29) -> 0 | AQ29: 0 | AU29: =(AP29+AQ29)-(AR29+AS29+AT29) -> 0 | AV29: 0 | AZ29: =(AU29+AV29)-(AW29+AX29+AY29) -> 0 | BA29: 0 | BE29: =(AZ29+BA29)-(BB29+BC29+BD29) -> 0 | BJ29: =(BE29+BF29)-(BG29+BH29+BI29) -> 0 | BL29: =(BG29+BH29+BI29)+BK29-BE29 -> 0 | BM29: =C29+H29+M29+R29+W29+AB29+AG29+AL29+AQ29+AV29+BA29+BF29 -> 4.34 | BN29: =F29+K29+P29+U29+Z29+AE29+AJ29+AO29+AT29+AY29+BD29+BI29 -> 0
A30: Total Non Hazardous Waste Generate (ton) | B30: =SUM(B20:B29) -> 5.8991 | C30: =SUM(C20:C29) -> 99.61 | D30: =SUM(D20:D29) -> 99.56 | E30: =SUM(E20:E29) -> 0 | F30: =SUM(F20:F29) -> 0 | G30: =SUM(G20:G29) -> 5.9491 | H30: =SUM(H20:H29) -> 211.7057 | I30: =SUM(I20:I29) -> 14.96 | ... BL30: =SUM(BL20:BL29) -> -7.6035 | BM30: =C30+H30+M30+R30+W30+AB30+AG30+AL30+AQ30+AV30+BA30+BF30 -> 426.6014 | BN30: =F30+K30+P30+U30+Z30+AE30+AJ30+AO30+AT30+AY30+BD30+BI30 -> 0
A31: Specific Non Hazardous Waste Generate (kg/ton) | C31: =C30*1000/'Production, Raw Mat'!C$5 -> 10.365319 | F31: =F30*1000/'Production, Raw Mat'!C$5 -> 0 | H31: =H30*1000/'Production, Raw Mat'!D$5 -> 33.550394 | K31: =K30*1000/'Production, Raw Mat'!D$5 -> 0 | M31: =M30*1000/'Production, Raw Mat'!E$5 -> 2.4200397 | P31: =P30*1000/'Production, Raw Mat'!E$5 -> 0 | R31: =R30*1000/'Production, Raw Mat'!F$5 -> 0.011680575 | U31: =U30*1000/'Production, Raw Mat'!F$5 -> 0 | W31: =W30*1000/'Production, Raw Mat'!G$5 -> 3.014206 | Z31: =Z30*1000/'Production, Raw Mat'!G$5 -> 0 | AB31: =AB30*1000/'Production, Raw Mat'!H$5 -> 0.63014932 | AE31: =AE30*1000/'Production, Raw Mat'!H$5 -> 0 | AG31: =AG30*1000/'Production, Raw Mat'!I$5 -> 0.11087916 | AJ31: =AJ30*1000/'Production, Raw Mat'!I$5 -> 0 | AL31: =AL30*1000/'Production, Raw Mat'!J$5 -> 0.016440425 | AO31: =AO30*1000/'Production, Raw Mat'!J$5 -> 0 | AQ31: =AQ30*1000/'Production, Raw Mat'!K$5 -> 0.20038296 | AT31: =AT30*1000/'Production, Raw Mat'!K$5 -> 0 | AV31: =AV30*1000/'Production, Raw Mat'!L$5 -> 0.013237232 | AY31: =AY30*1000/'Production, Raw Mat'!L$5 -> 0 | BA31: =BA30*1000/'Production, Raw Mat'!M$5 -> 0.54316139 | BD31: =BD30*1000/'Production, Raw Mat'!M$5 -> 0 | BF31: =BF30*1000/'Production, Raw Mat'!R$5 -> 0.037202767 | BI31: =BI30*1000/'Production, Raw Mat'!N$5 -> 0 | BL31: =BL30*1000/'Production, Raw Mat'!N$5 -> -0.47510187 | BM31: =BM30*1000/'Production, Raw Mat'!$O$5 -> 2.5166458 | BN31: =BN30*1000/'Production, Raw Mat'!$O$5 -> 0

Sheet Emission
BO1: =720/60 -> 12
A2: Dust/ Bụi | D2: Jan | M2: Feb | V2: Mar | AE2: Apr | AN2: May | AW2: Jun | BF2: Jul | BO2: Aug | BX2: Sep | CG2: Oct | CP2: Nov | CY2: Dec | DH2: YTD | DI2: Q1 | DJ2: Q2 | DK2: Q3 | DL2: Q4
A3: Stack No. | B3: Process | C3: Diameter/ Đường kính ống khói | D3: Sampling (Month/Year) | E3: Stack Temperature | F3: %Oxygen | G3: Gas Velocity | H3: Flow rate/ Lưu lượng | I3: Dust Emission Actual O2/ Kết quả đo bụi | J3: Dust Emission rate/ Tỉ lệ bụi | K3: Operation Hour/ Thời gian hoạt động | L3: Dust Emission | M3: Sampling (Month/Year) | N3: Stack Temperature | O3: %Oxygen | P3: Gas Velocity | Q3: Flow rate | R3: Dust Emission Actual O2 | S3: Dust Emission rate | T3: Operation Hour | U3: Dust Emission | V3: Sampling (Month/Year) | W3: Stack Temperature | X3: %Oxygen | Y3: Gas Velocity | Z3: Flow rate | AA3: Dust Emission Actual O2 | AB3: Dust Emission rate | AC3: Operation Hour | AD3: Dust Emission | AE3: Sampling (Month/Year) | AF3: Stack Temperature | AG3: %Oxygen | AH3: Gas Velocity | AI3: Flow rate | AJ3: Dust Emission Actual O2 | AK3: Dust Emission rate | AL3: Operation Hour | AM3: Dust Emission | AN3: Sampling (Month/Year) | AO3: Stack Temperature | AP3: %Oxygen | AQ3: Gas Velocity | AR3: Flow rate | AS3: Dust Emission Actual O2 | AT3: Dust Emission rate | AU3: Operation Hour | AV3: Dust Emission | AW3: Sampling (Month/Year) | AX3: Stack Temperature | AY3: %Oxygen | AZ3: Gas Velocity | BA3: Flow rate | BB3: Dust Emission Actual O2 | BC3: Dust Emission rate | BD3: Operation Hour | BE3: Dust Emission | BF3: Sampling (Month/Year) | BG3: Stack Temperature | BH3: %Oxygen | BI3: Gas Velocity | BJ3: Flow rate | BK3: Dust Emission Actual O2 | BL3: Dust Emission rate | BM3: Operation Hour | BN3: Dust Emission | BO3: Sampling (Month/Year) | BP3: Stack Temperature | BQ3: %Oxygen | BR3: Gas Velocity | BS3: Flow rate | BT3: Dust Emission Actual O2 | BU3: Dust Emission rate | BV3: Operation Hour | BW3: Dust Emission | BX3: Sampling (Month/Year) | BY3: Stack Temperature | BZ3: %Oxygen | CA3: Gas Velocity | CB3: Flow rate | CC3: Dust Emission Actual O2 | CD3: Dust Emission rate | CE3: Operation Hour | CF3: Dust Emission | CG3: Sampling (Month/Year) | CH3: Stack Temperature | CI3: %Oxygen | CJ3: Gas Velocity | CK3: Flow rate | CL3: Dust Emission Actual O2 | CM3: Dust Emission rate | CN3: Operation Hour | CO3: Dust Emission | CP3: Sampling (Month/Year) | CQ3: Stack Temperature | CR3: %Oxygen | CS3: Gas Velocity | CT3: Flow rate | CU3: Dust Emission Actual O2 | CV3: Dust Emission rate | CW3: Operation Hour | CX3: Dust Emission | CY3: Sampling (Month/Year) | CZ3: Stack Temperature | DA3: %Oxygen | DB3: Gas Velocity | DC3: Flow rate | DD3: Dust Emission Actual O2 | DE3: Dust Emission rate | DF3: Operation Hour | DG3: Dust Emission
C4: m | D4: MM/YYYY | E4: ๐C | F4: % | G4: m/s | H4: m3/min | I4: mg/m3 | J4: kg/hr | K4: hr | L4: kg | M4: MM/YYYY | N4: ๐C | O4: % | P4: m/s | Q4: m3/min | R4: mg/m3 | S4: kg/hr | T4: hr | U4: kg | V4: MM/YYYY | W4: ๐C | X4: % | Y4: m/s | Z4: m3/min | AA4: mg/m3 | AB4: kg/hr | AC4: hr | AD4: kg | AE4: MM/YYYY | AF4: ๐C | AG4: % | AH4: m/s | AI4: m3/min | AJ4: mg/m3 | AK4: kg/hr | AL4: hr | AM4: kg | AN4: MM/YYYY | AO4: ๐C | AP4: % | AQ4: m/s | AR4: m3/min | AS4: mg/m3 | AT4: kg/hr | AU4: hr | AV4: kg | AW4: MM/YYYY | AX4: ๐C | AY4: % | AZ4: m/s | BA4: m3/min | BB4: mg/m3 | BC4: kg/hr | BD4: hr | BE4: kg | BF4: MM/YYYY | BG4: ๐C | BH4: % | BI4: m/s | BJ4: m3/min | BK4: mg/m3 | BL4: kg/hr | BM4: hr | BN4: kg | BO4: MM/YYYY | BP4: ๐C | BQ4: % | BR4: m/s | BS4: m3/min | BT4: mg/m3 | BU4: kg/hr | BV4: hr | BW4: kg | BX4: MM/YYYY | BY4: ๐C | BZ4: % | CA4: m/s | CB4: m3/min | CC4: mg/m3 | CD4: kg/hr | CE4: hr | CF4: kg | CG4: MM/YYYY | CH4: ๐C | CI4: % | CJ4: m/s | CK4: m3/min | CL4: mg/m3 | CM4: kg/hr | CN4: hr | CO4: kg | CP4: MM/YYYY | CQ4: ๐C | CR4: % | CS4: m/s | CT4: m3/min | CU4: mg/m3 | CV4: kg/hr | CW4: hr | CX4: kg | CY4: MM/YYYY | CZ4: ๐C | DA4: % | DB4: m/s | DC4: m3/min | DD4: mg/m3 | DE4: kg/hr | DF4: hr | DG4: kg
A5: Sấy phun 1 | C5: =130/100 -> 1.3 | D5: 2/12/2019 | E5: 84.3 | H5: =85000/60 -> 1416.6667 | I5: 41 | J5: =H5*I5*60/1000000 -> 3.485 | K5: =19*24-4 -> 452 | L5: =J5*K5 -> 1575.22 | M5: 2/12/2019 | N5: 84.3 | Q5: =85000/60 -> 1416.6667 | R5: 41 | S5: =Q5*R5*60/1000000 -> 3.485 | T5: 0 | U5: =S5*T5 -> 0 | V5: 2/12/2019 | W5: 84.3 | Z5: =85000/60 -> 1416.6667 | AA5: 41 | AB5: =Z5*AA5*60/1000000 -> 3.485 | AC5: =27*24-55 -> 593 | AD5: =AB5*AC5 -> 2066.605 | AE5: 3/4/2020 | AF5: 82.3 | AI5: =85000/60 -> 1416.6667 | AJ5: 52.5 | AK5: =AI5*AJ5*60/1000000 -> 4.4625 | AL5: =30*24-49 -> 671 | AM5: =AK5*AL5 -> 2994.3375 | AN5: 3/4/2020 | AO5: 82.3 | AR5: =85000/60 -> 1416.6667 | AS5: 52.5 | AT5: =AR5*AS5*60/1000000 -> 4.4625 | AU5: =31*24-55 -> 689 | AV5: =AT5*AU5 -> 3074.6625 | AW5: 8/6/2020 | AX5: 95.5 | BA5: =85000/60 -> 1416.6667 | BB5: 42.6 | BC5: =BA5*BB5*60/1000000 -> 3.621 | BD5: =30*24-47 -> 673 | BE5: =BC5*BD5 -> 2436.933 | BF5: 8/6/2020 | BG5: 95.5 | BJ5: =85000/60 -> 1416.6667 | BK5: 42.6 | BL5: =BJ5*BK5*60/1000000 -> 3.621 | BM5: =31*24-30 -> 714 | BN5: =BL5*BM5 -> 2585.394 | BO5: 8/6/2020 | BP5: 95.5 | BS5: =85000/60 -> 1416.6667 | BT5: 42.6 | BU5: =BS5*BT5*60/1000000 -> 3.621 | BV5: =31*24-107 -> 637 | BW5: =BU5*BV5 -> 2306.577 | BX5: 8/6/2020 | BY5: 95.5 | CB5: =85000/60 -> 1416.6667 | CC5: 42.6 | CD5: =CB5*CC5*60/1000000 -> 3.621 | CE5: =30*24-254 -> 466 | CF5: =CD5*CE5 -> 1687.386 | CG5: 20/8/2020 | CH5: 96.2 | CK5: =85000/60 -> 1416.6667 | CL5: 43.4 | CM5: =CK5*CL5*60/1000000 -> 3.689 | CN5: =31*24-64 -> 680 | CO5: =CM5*CN5 -> 2508.52 | CP5: 20/8/2020 | CQ5: 96.2 | CT5: =85000/60 -> 1416.6667 | CU5: 43.4 | CV5: =CT5*CU5*60/1000000 -> 3.689 | CW5: =31*24-61 -> 683 | CX5: =CV5*CW5 -> 2519.587 | CY5: 20/8/2020 | CZ5: 96.2 | DC5: =85000/60 -> 1416.6667 | DD5: 43.4 | DE5: =DC5*DD5*60/1000000 -> 3.689 | DF5: =31*24-84 -> 660 | DG5: =DE5*DF5 -> 2434.74
A6: Sấy phun 2 | C6: =130/100 -> 1.3 | D6: 2/12/2019 | E6: 87.1 | H6: =85000/60 -> 1416.6667 | I6: 43 | J6: =H6*I6*60/1000000 -> 3.655 | K6: =19*24-56 -> 400 | L6: =J6*K6 -> 1462 | M6: 2/12/2019 | N6: 87.1 | Q6: =85000/60 -> 1416.6667 | R6: 43 | S6: =Q6*R6*60/1000000 -> 3.655 | T6: 424 | U6: =S6*T6 -> 1549.72 | V6: 2/12/2019 | W6: 87.1 | Z6: =85000/60 -> 1416.6667 | AA6: 43 | AB6: =Z6*AA6*60/1000000 -> 3.655 | AC6: =31*24-90 -> 654 | AD6: =AB6*AC6 -> 2390.37 | AE6: 3/4/2020 | AF6: 71.9 | AI6: =85000/60 -> 1416.6667 | AJ6: 48.9 | AK6: =AI6*AJ6*60/1000000 -> 4.1565 | AL6: =30*24-245 -> 475 | AM6: =AK6*AL6 -> 1974.3375 | AN6: 3/4/2020 | AO6: 71.9 | AR6: =85000/60 -> 1416.6667 | AS6: 48.9 | AT6: =AR6*AS6*60/1000000 -> 4.1565 | AU6: =31*24-244.3 -> 499.7 | AV6: =AT6*AU6 -> 2077.0031 | AW6: 8/6/2020 | AX6: 94.1 | BA6: =85000/60 -> 1416.6667 | BB6: 43.7 | BC6: =BA6*BB6*60/1000000 -> 3.7145 | BD6: =30*24-206.4 -> 513.6 | BE6: =BC6*BD6 -> 1907.7672 | BF6: 8/6/2020 | BG6: 94.1 | BJ6: =85000/60 -> 1416.6667 | BK6: 43.7 | BL6: =BJ6*BK6*60/1000000 -> 3.7145 | BM6: =31*24-133 -> 611 | BN6: =BL6*BM6 -> 2269.5595 | BO6: 8/6/2020 | BP6: 94.1 | BS6: =85000/60 -> 1416.6667 | BT6: 43.7 | BU6: =BS6*BT6*60/1000000 -> 3.7145 | BV6: =31*24-213 -> 531 | BW6: =BU6*BV6 -> 1972.3995 | BX6: 8/6/2020 | BY6: 94.1 | CB6: =85000/60 -> 1416.6667 | CC6: 43.7 | CD6: =CB6*CC6*60/1000000 -> 3.7145 | CE6: =30*24-99 -> 621 | CF6: =CD6*CE6 -> 2306.7045 | CG6: 20/8/2020 | CH6: 95.1 | CK6: =85000/60 -> 1416.6667 | CL6: 42.3 | CM6: =CK6*CL6*60/1000000 -> 3.5955 | CN6: =31*24-544 -> 200 | CO6: =CM6*CN6 -> 719.1 | CP6: 20/8/2020 | CQ6: 95.1 | CT6: =85000/60 -> 1416.6667 | CU6: 42.3 | CV6: =CT6*CU6*60/1000000 -> 3.5955 | CW6: =30*24-360 -> 360 | CX6: =CV6*CW6 -> 1294.38 | CY6: 20/8/2020 | CZ6: 95.1 | DC6: =85000/60 -> 1416.6667 | DD6: 42.3 | DE6: =DC6*DD6*60/1000000 -> 3.5955 | DF6: =31*24-308 -> 436 | DG6: =DE6*DF6 -> 1567.638
A7: Ống khói lò nung xương 1,2 | C7: 0.8 | D7: 2/12/2019 | E7: 153.2 | H7: =10400/60 -> 173.33333 | I7: 52 | J7: =H7*I7*60/1000000 -> 0.5408 | K7: =16*24 -> 384 | L7: =J7*K7 -> 207.6672 | M7: 2/12/2019 | N7: 153.2 | Q7: =10400/60 -> 173.33333 | R7: 52 | S7: =Q7*R7*60/1000000 -> 0.5408 | T7: =13*24+16 -> 328 | U7: =S7*T7 -> 177.3824 | V7: 2/12/2019 | W7: 153.2 | Z7: =10400/60 -> 173.33333 | AA7: 52 | AB7: =Z7*AA7*60/1000000 -> 0.5408 | AC7: =31*24 -> 744 | AD7: =AB7*AC7 -> 402.3552 | AE7: 3/4/2020 | AF7: 130 | AI7: =10900/60 -> 181.66667 | AJ7: 49.3 | AK7: =AI7*AJ7*60/1000000 -> 0.53737 | AL7: =30*24 -> 720 | AM7: =AK7*AL7 -> 386.9064 | AN7: 3/4/2020 | AO7: 130 | AR7: =10900/60 -> 181.66667 | AS7: 49.3 | AT7: =AR7*AS7*60/1000000 -> 0.53737 | AU7: =31*24 -> 744 | AV7: =AT7*AU7 -> 399.80328 | AW7: 8/6/2020 | AX7: 119.3 | BA7: =10900/60 -> 181.66667 | BB7: 44.8 | BC7: =BA7*BB7*60/1000000 -> 0.48832 | BD7: =30*24 -> 720 | BE7: =BC7*BD7 -> 351.5904 | BF7: 8/6/2020 | BG7: 119.3 | BJ7: =10900/60 -> 181.66667 | BK7: 44.8 | BL7: =BJ7*BK7*60/1000000 -> 0.48832 | BM7: =31*24 -> 744 | BN7: =BL7*BM7 -> 363.31008 | BO7: 8/6/2020 | BP7: 119.3 | BS7: =10900/60 -> 181.66667 | BT7: 44.8 | BU7: =BS7*BT7*60/1000000 -> 0.48832 | BV7: =31*24 -> 744 | BW7: =BU7*BV7 -> 363.31008 | BX7: 8/6/2020 | BY7: 119.3 | CB7: =10900/60 -> 181.66667 | CC7: 44.8 | CD7: =CB7*CC7*60/1000000 -> 0.48832 | CE7: =30*24 -> 720 | CF7: =CD7*CE7 -> 351.5904 | CG7: 20/8/2020 | CH7: 121.5 | CK7: =9240/60 -> 154 | CL7: 45.1 | CM7: =CK7*CL7*60/1000000 -> 0.416724 | CN7: =31*24 -> 744 | CO7: =CM7*CN7 -> 310.04266 | CP7: 20/8/2020 | CQ7: 121.5 | CT7: =9240/60 -> 154 | CU7: 45.1 | CV7: =CT7*CU7*60/1000000 -> 0.416724 | CW7: =30*24 -> 720 | CX7: =CV7*CW7 -> 300.04128 | CY7: 20/8/2020 | CZ7: 121.5 | DC7: =9240/60 -> 154 | DD7: 45.1 | DE7: =DC7*DD7*60/1000000 -> 0.416724 | DF7: =31*24 -> 744 | DG7: =DE7*DF7 -> 310.04266
A8: Ống khói lò nung xương 3,4 | C8: 0.8 | D8: 2/12/2019 | E8: 159.1 | H8: =11300/60 -> 188.33333 | I8: 53 | J8: =H8*I8*60/1000000 -> 0.5989 | K8: =17*24+8 -> 416 | L8: =J8*K8 -> 249.1424 | M8: 2/12/2019 | N8: 159.1 | Q8: =11300/60 -> 188.33333 | R8: 53 | S8: =Q8*R8*60/1000000 -> 0.5989 | T8: =18*24+16 -> 448 | U8: =S8*T8 -> 268.3072 | V8: 2/12/2019 | W8: 159.1 | Z8: =11300/60 -> 188.33333 | AA8: 53 | AB8: =Z8*AA8*60/1000000 -> 0.5989 | AC8: =31*24 -> 744 | AD8: =AB8*AC8 -> 445.5816 | AE8: 3/4/2020 | AF8: 120.1 | AI8: =11200/60 -> 186.66667 | AJ8: 53.2 | AK8: =AI8*AJ8*60/1000000 -> 0.59584 | AL8: =30*24 -> 720 | AM8: =AK8*AL8 -> 429.0048 | AN8: 3/4/2020 | AO8: 120.1 | AR8: =11200/60 -> 186.66667 | AS8: 53.2 | AT8: =AR8*AS8*60/1000000 -> 0.59584 | AU8: =31*24 -> 744 | AV8: =AT8*AU8 -> 443.30496 | AW8: 8/6/2020 | AX8: 120.6 | BA8: =11200/60 -> 186.66667 | BB8: 41.3 | BC8: =BA8*BB8*60/1000000 -> 0.46256 | BD8: =30*24 -> 720 | BE8: =BC8*BD8 -> 333.0432 | BF8: 8/6/2020 | BG8: 120.6 | BJ8: =11200/60 -> 186.66667 | BK8: 41.3 | BL8: =BJ8*BK8*60/1000000 -> 0.46256 | BM8: =31*24 -> 744 | BN8: =BL8*BM8 -> 344.14464 | BO8: 8/6/2020 | BP8: 120.6 | BS8: =11200/60 -> 186.66667 | BT8: 41.3 | BU8: =BS8*BT8*60/1000000 -> 0.46256 | BV8: =31*24 -> 744 | BW8: =BU8*BV8 -> 344.14464 | BX8: 8/6/2020 | BY8: 120.6 | CB8: =11200/60 -> 186.66667 | CC8: 41.3 | CD8: =CB8*CC8*60/1000000 -> 0.46256 | CE8: =30*24 -> 720 | CF8: =CD8*CE8 -> 333.0432 | CG8: 20/8/2020 | CH8: 122.7 | CK8: =9500/60 -> 158.33333 | CL8: 42.6 | CM8: =CK8*CL8*60/1000000 -> 0.4047 | CN8: =31*24 -> 744 | CO8: =CM8*CN8 -> 301.0968 | CP8: 20/8/2020 | CQ8: 122.7 | CT8: =9500/60 -> 158.33333 | CU8: 42.6 | CV8: =CT8*CU8*60/1000000 -> 0.4047 | CW8: =30*24 -> 720 | CX8: =CV8*CW8 -> 291.384 | CY8: 20/8/2020 | CZ8: 122.7 | DC8: =9500/60 -> 158.33333 | DD8: 42.6 | DE8: =DC8*DD8*60/1000000 -> 0.4047 | DF8: =31*24 -> 744 | DG8: =DE8*DF8 -> 301.0968
A9: Ống khói lò nung xương 5,6 | C9: 0.8 | D9: 2/12/2019 | E9: 146.5 | H9: =10530/60 -> 175.5 | I9: 50 | J9: =H9*I9*60/1000000 -> 0.5265 | K9: =17*24+16 -> 424 | L9: =J9*K9 -> 223.236 | M9: 2/12/2019 | N9: 146.5 | Q9: =10530/60 -> 175.5 | R9: 50 | S9: =Q9*R9*60/1000000 -> 0.5265 | T9: 0 | U9: =S9*T9 -> 0 | V9: 2/12/2019 | W9: 146.5 | Z9: =10530/60 -> 175.5 | AA9: 50 | AB9: =Z9*AA9*60/1000000 -> 0.5265 | AC9: =26*24 -> 624 | AD9: =AB9*AC9 -> 328.536 | AE9: 3/4/2020 | AF9: 145.9 | AI9: =10500/60 -> 175 | AJ9: 47.7 | AK9: =AI9*AJ9*60/1000000 -> 0.50085 | AL9: =30*24 -> 720 | AM9: =AK9*AL9 -> 360.612 | AN9: 3/4/2020 | AO9: 145.9 | AR9: =10500/60 -> 175 | AS9: 47.7 | AT9: =AR9*AS9*60/1000000 -> 0.50085 | AU9: =31*24 -> 744 | AV9: =AT9*AU9 -> 372.6324 | AW9: 8/6/2020 | AX9: 117.5 | BA9: =10500/60 -> 175 | BB9: 46.5 | BC9: =BA9*BB9*60/1000000 -> 0.48825 | BD9: =30*24 -> 720 | BE9: =BC9*BD9 -> 351.54 | BF9: 8/6/2020 | BG9: 117.5 | BJ9: =10500/60 -> 175 | BK9: 46.5 | BL9: =BJ9*BK9*60/1000000 -> 0.48825 | BM9: =31*24 -> 744 | BN9: =BL9*BM9 -> 363.258 | BO9: 8/6/2020 | BP9: 117.5 | BS9: =10500/60 -> 175 | BT9: 46.5 | BU9: =BS9*BT9*60/1000000 -> 0.48825 | BV9: =31*24 -> 744 | BW9: =BU9*BV9 -> 363.258 | BX9: 8/6/2020 | BY9: 117.5 | CB9: =10500/60 -> 175 | CC9: 46.5 | CD9: =CB9*CC9*60/1000000 -> 0.48825 | CE9: =30*24 -> 720 | CF9: =CD9*CE9 -> 351.54 | CG9: 20/8/2020 | CH9: 118.6 | CK9: =11650/60 -> 194.16667 | CL9: 43.9 | CM9: =CK9*CL9*60/1000000 -> 0.511435 | CN9: =31*24 -> 744 | CO9: =CM9*CN9 -> 380.50764 | CP9: 20/8/2020 | CQ9: 118.6 | CT9: =11650/60 -> 194.16667 | CU9: 43.9 | CV9: =CT9*CU9*60/1000000 -> 0.511435 | CW9: =30*24 -> 720 | CX9: =CV9*CW9 -> 368.2332 | CY9: 20/8/2020 | CZ9: 118.6 | DC9: =11650/60 -> 194.16667 | DD9: 43.9 | DE9: =DC9*DD9*60/1000000 -> 0.511435 | DF9: =31*24 -> 744 | DG9: =DE9*DF9 -> 380.50764
A10: Ống khói lò nung men số 1 | C10: 0.8 | D10: 29/9/2019 | E10: 157.3 | H10: =10120/60 -> 168.66667 | I10: 51 | J10: =H10*I10*60/1000000 -> 0.51612 | K10: =16*24 -> 384 | L10: =J10*K10 -> 198.19008 | M10: 29/9/2019 | N10: 157.3 | Q10: =10120/60 -> 168.66667 | R10: 51 | S10: =Q10*R10*60/1000000 -> 0.51612 | T10: =13*24+16 -> 328 | U10: =S10*T10 -> 169.28736 | V10: 29/9/2019 | W10: 157.3 | Z10: =10120/60 -> 168.66667 | AA10: 51 | AB10: =Z10*AA10*60/1000000 -> 0.51612 | AC10: =31*24 -> 744 | AD10: =AB10*AC10 -> 383.99328 | AE10: 3/4/2020 | AF10: 152.3 | AI10: =10700/60 -> 178.33333 | AJ10: 54.6 | AK10: =AI10*AJ10*60/1000000 -> 0.58422 | AL10: =30*24 -> 720 | AM10: =AK10*AL10 -> 420.6384 | AN10: 3/4/2020 | AO10: 152.3 | AR10: =10700/60 -> 178.33333 | AS10: 54.6 | AT10: =AR10*AS10*60/1000000 -> 0.58422 | AU10: =31*24 -> 744 | AV10: =AT10*AU10 -> 434.65968 | AW10: 8/6/2020 | AX10: 125.8 | BA10: =10700/60 -> 178.33333 | BB10: 43.7 | BC10: =BA10*BB10*60/1000000 -> 0.46759 | BD10: =30*24 -> 720 | BE10: =BC10*BD10 -> 336.6648 | BF10: 8/6/2020 | BG10: 125.8 | BJ10: =10700/60 -> 178.33333 | BK10: 43.7 | BL10: =BJ10*BK10*60/1000000 -> 0.46759 | BM10: =31*24 -> 744 | BN10: =BL10*BM10 -> 347.88696 | BO10: 8/6/2020 | BP10: 125.8 | BS10: =10700/60 -> 178.33333 | BT10: 43.7 | BU10: =BS10*BT10*60/1000000 -> 0.46759 | BV10: =31*24 -> 744 | BW10: =BU10*BV10 -> 347.88696 | BX10: 8/6/2020 | BY10: 125.8 | CB10: =10700/60 -> 178.33333 | CC10: 43.7 | CD10: =CB10*CC10*60/1000000 -> 0.46759 | CE10: =30*24 -> 720 | CF10: =CD10*CE10 -> 336.6648 | CG10: 8/6/2020 | CH10: 125.8 | CK10: =10700/60 -> 178.33333 | CL10: 43.7 | CM10: =CK10*CL10*60/1000000 -> 0.46759 | CN10: =31*24 -> 744 | CO10: =CM10*CN10 -> 347.88696 | CP10: 8/6/2020 | CQ10: 125.8 | CT10: =10700/60 -> 178.33333 | CU10: 43.7 | CV10: =CT10*CU10*60/1000000 -> 0.46759 | CW10: =30*24 -> 720 | CX10: =CV10*CW10 -> 336.6648 | CY10: 8/6/2020 | CZ10: 125.8 | DC10: =10700/60 -> 178.33333 | DD10: 43.7 | DE10: =DC10*DD10*60/1000000 -> 0.46759 | DF10: =31*24 -> 744 | DG10: =DE10*DF10 -> 347.88696
A11: Ống khói lò nung men số 2 | C11: 0.8 | D11: 29/9/2019 | E11: 124.3 | H11: =8490/60 -> 141.5 | I11: 52 | J11: =H11*I11*60/1000000 -> 0.44148 | K11: =16*24 -> 384 | L11: =J11*K11 -> 169.52832 | M11: 29/9/2019 | N11: 124.3 | Q11: =8490/60 -> 141.5 | R11: 52 | S11: =Q11*R11*60/1000000 -> 0.44148 | T11: =13*24+16 -> 328 | U11: =S11*T11 -> 144.80544 | V11: 29/9/2019 | W11: 124.3 | Z11: =8490/60 -> 141.5 | AA11: 52 | AB11: =Z11*AA11*60/1000000 -> 0.44148 | AC11: =31*24 -> 744 | AD11: =AB11*AC11 -> 328.46112 | AE11: 3/4/2020 | AF11: 149.5 | AI11: =11200/60 -> 186.66667 | AJ11: 48.5 | AK11: =AI11*AJ11*60/1000000 -> 0.5432 | AL11: =30*24 -> 720 | AM11: =AK11*AL11 -> 391.104 | AN11: 3/4/2020 | AO11: 149.5 | AR11: =11200/60 -> 186.66667 | AS11: 48.5 | AT11: =AR11*AS11*60/1000000 -> 0.5432 | AU11: =31*24 -> 744 | AV11: =AT11*AU11 -> 404.1408 | AW11: 8/6/2020 | AX11: 105.7 | BA11: =11200/60 -> 186.66667 | BB11: 48.6 | BC11: =BA11*BB11*60/1000000 -> 0.54432 | BD11: =30*24 -> 720 | BE11: =BC11*BD11 -> 391.9104 | BF11: 8/6/2020 | BG11: 105.7 | BJ11: =11200/60 -> 186.66667 | BK11: 48.6 | BL11: =BJ11*BK11*60/1000000 -> 0.54432 | BM11: =31*24 -> 744 | BN11: =BL11*BM11 -> 404.97408 | BO11: 8/6/2020 | BP11: 105.7 | BS11: =11200/60 -> 186.66667 | BT11: 48.6 | BU11: =BS11*BT11*60/1000000 -> 0.54432 | BV11: =31*24 -> 744 | BW11: =BU11*BV11 -> 404.97408 | BX11: 8/6/2020 | BY11: 105.7 | CB11: =11200/60 -> 186.66667 | CC11: 48.6 | CD11: =CB11*CC11*60/1000000 -> 0.54432 | CE11: =30*24 -> 720 | CF11: =CD11*CE11 -> 391.9104 | CG11: 20/8/2020 | CH11: 124.7 | CK11: =9340/60 -> 155.66667 | CL11: 44.2 | CM11: =CK11*CL11*60/1000000 -> 0.412828 | CN11: =31*24 -> 744 | CO11: =CM11*CN11 -> 307.14403 | CP11: 20/8/2020 | CQ11: 124.7 | CT11: =9340/60 -> 155.66667 | CU11: 44.2 | CV11: =CT11*CU11*60/1000000 -> 0.412828 | CW11: =30*24 -> 720 | CX11: =CV11*CW11 -> 297.23616 | CY11: 20/8/2020 | CZ11: 124.7 | DC11: =9340/60 -> 155.66667 | DD11: 44.2 | DE11: =DC11*DD11*60/1000000 -> 0.412828 | DF11: =31*24 -> 744 | DG11: =DE11*DF11 -> 307.14403
A12: Ống khói lò nung men số 3 | C12: 0.8 | D12: 29/9/2019 | E12: 117.7 | H12: =8280/60 -> 138 | I12: 52 | J12: =H12*I12*60/1000000 -> 0.43056 | K12: =17*24+8 -> 416 | L12: =J12*K12 -> 179.11296 | M12: 29/9/2019 | N12: 117.7 | Q12: =8280/60 -> 138 | R12: 52 | S12: =Q12*R12*60/1000000 -> 0.43056 | T12: =18*24+16 -> 448 | U12: =S12*T12 -> 192.89088 | V12: 29/9/2019 | W12: 117.7 | Z12: =8280/60 -> 138 | AA12: 52 | AB12: =Z12*AA12*60/1000000 -> 0.43056 | AC12: =31*24 -> 744 | AD12: =AB12*AC12 -> 320.33664 | AE12: 3/4/2020 | AF12: 147.9 | AI12: =9900/60 -> 165 | AJ12: 49.6 | AK12: =AI12*AJ12*60/1000000 -> 0.49104 | AL12: =30*24 -> 720 | AM12: =AK12*AL12 -> 353.5488 | AN12: 3/4/2020 | AO12: 147.9 | AR12: =9900/60 -> 165 | AS12: 49.6 | AT12: =AR12*AS12*60/1000000 -> 0.49104 | AU12: =31*24 -> 744 | AV12: =AT12*AU12 -> 365.33376 | AW12: 3/4/2020 | AX12: 147.9 | BA12: =9900/60 -> 165 | BB12: 49.6 | BC12: =BA12*BB12*60/1000000 -> 0.49104 | BD12: =30*24 -> 720 | BE12: =BC12*BD12 -> 353.5488 | BF12: 3/4/2020 | BG12: 147.9 | BJ12: =9900/60 -> 165 | BK12: 49.6 | BL12: =BJ12*BK12*60/1000000 -> 0.49104 | BM12: =31*24 -> 744 | BN12: =BL12*BM12 -> 365.33376 | BO12: 3/4/2020 | BP12: 147.9 | BS12: =9900/60 -> 165 | BT12: 49.6 | BU12: =BS12*BT12*60/1000000 -> 0.49104 | BV12: =31*24 -> 744 | BW12: =BU12*BV12 -> 365.33376 | BX12: 3/4/2020 | BY12: 147.9 | CB12: =9900/60 -> 165 | CC12: 49.6 | CD12: =CB12*CC12*60/1000000 -> 0.49104 | CE12: =30*24 -> 720 | CF12: =CD12*CE12 -> 353.5488 | CG12: 20/8/2020 | CH12: 107.8 | CK12: =12140/60 -> 202.33333 | CL12: 47.9 | CM12: =CK12*CL12*60/1000000 -> 0.581506 | CN12: =31*24 -> 744 | CO12: =CM12*CN12 -> 432.64046 | CP12: 20/8/2020 | CQ12: 107.8 | CT12: =12140/60 -> 202.33333 | CU12: 47.9 | CV12: =CT12*CU12*60/1000000 -> 0.581506 | CW12: =30*24 -> 720 | CX12: =CV12*CW12 -> 418.68432 | CY12: 20/8/2020 | CZ12: 107.8 | DC12: =12140/60 -> 202.33333 | DD12: 47.9 | DE12: =DC12*DD12*60/1000000 -> 0.581506 | DF12: =31*24 -> 744 | DG12: =DE12*DF12 -> 432.64046
A13: Ống khói lò nung men số 4 | C13: 0.8 | D13: 2/12/2019 | E13: 150.4 | H13: =10650/60 -> 177.5 | I13: 51 | J13: =H13*I13*60/1000000 -> 0.54315 | K13: =17*24+8 -> 416 | L13: =J13*K13 -> 225.9504 | M13: 2/12/2019 | N13: 150.4 | Q13: =10650/60 -> 177.5 | R13: 51 | S13: =Q13*R13*60/1000000 -> 0.54315 | T13: =18*24+16 -> 448 | U13: =S13*T13 -> 243.3312 | V13: 2/12/2019 | W13: 150.4 | Z13: =10650/60 -> 177.5 | AA13: 51 | AB13: =Z13*AA13*60/1000000 -> 0.54315 | AC13: =31*24 -> 744 | AD13: =AB13*AC13 -> 404.1036 | AE13: 2/12/2019 | AF13: 150.4 | AI13: =10650/60 -> 177.5 | AJ13: 51 | AK13: =AI13*AJ13*60/1000000 -> 0.54315 | AL13: =30*24 -> 720 | AM13: =AK13*AL13 -> 391.068 | AN13: 2/12/2019 | AO13: 150.4 | AR13: =10650/60 -> 177.5 | AS13: 51 | AT13: =AR13*AS13*60/1000000 -> 0.54315 | AU13: =31*24 -> 744 | AV13: =AT13*AU13 -> 404.1036 | AW13: 2/12/2019 | AX13: 150.4 | BA13: =10650/60 -> 177.5 | BB13: 51 | BC13: =BA13*BB13*60/1000000 -> 0.54315 | BD13: =30*24 -> 720 | BE13: =BC13*BD13 -> 391.068 | BF13: 2/12/2019 | BG13: 150.4 | BJ13: =10650/60 -> 177.5 | BK13: 51 | BL13: =BJ13*BK13*60/1000000 -> 0.54315 | BM13: =31*24 -> 744 | BN13: =BL13*BM13 -> 404.1036 | BO13: 2/12/2019 | BP13: 150.4 | BS13: =10650/60 -> 177.5 | BT13: 51 | BU13: =BS13*BT13*60/1000000 -> 0.54315 | BV13: =31*24 -> 744 | BW13: =BU13*BV13 -> 404.1036 | BX13: 2/12/2019 | BY13: 150.4 | CB13: =10650/60 -> 177.5 | CC13: 51 | CD13: =CB13*CC13*60/1000000 -> 0.54315 | CE13: =2*24 -> 48 | CF13: =CD13*CE13 -> 26.0712 | CG13: 20/8/2020 | CH13: 111.4 | CK13: =10450/60 -> 174.16667 | CL13: 46.2 | CM13: =CK13*CL13*60/1000000 -> 0.48279 | CN13: 0 | CO13: =CM13*CN13 -> 0 | CP13: 20/8/2020 | CQ13: 111.4 | CT13: =10450/60 -> 174.16667 | CU13: 46.2 | CV13: =CT13*CU13*60/1000000 -> 0.48279 | CW13: 0 | CX13: =CV13*CW13 -> 0 | CY13: 20/8/2020 | CZ13: 111.4 | DC13: =10450/60 -> 174.16667 | DD13: 46.2 | DE13: =DC13*DD13*60/1000000 -> 0.48279 | DF13: =26*24 -> 624 | DG13: =DE13*DF13 -> 301.26096
A14: Ống khói lò nung men số 5 | C14: 0.8 | D14: 2/12/2019 | E14: 120.1 | H14: =10700/60 -> 178.33333 | I14: 52.5 | J14: =H14*I14*60/1000000 -> 0.56175 | K14: =17*24+16 -> 424 | L14: =J14*K14 -> 238.182 | M14: 2/12/2019 | N14: 120.1 | Q14: =10700/60 -> 178.33333 | R14: 52.5 | S14: =Q14*R14*60/1000000 -> 0.56175 | T14: 0 | U14: =S14*T14 -> 0 | V14: 2/12/2019 | W14: 120.1 | Z14: =10700/60 -> 178.33333 | AA14: 52.5 | AB14: =Z14*AA14*60/1000000 -> 0.56175 | AC14: =26*24 -> 624 | AD14: =AB14*AC14 -> 350.532 | AE14: 2/12/2019 | AF14: 120.1 | AI14: =10700/60 -> 178.33333 | AJ14: 52.5 | AK14: =AI14*AJ14*60/1000000 -> 0.56175 | AL14: =4*24+6 -> 102 | AM14: =AK14*AL14 -> 57.2985 | AN14: 2/12/2019 | AO14: 120.1 | AR14: =10700/60 -> 178.33333 | AS14: 52.5 | AT14: =AR14*AS14*60/1000000 -> 0.56175 | AU14: 0 | AV14: =AT14*AU14 -> 0 | AW14: 2/12/2019 | AX14: 120.1 | BA14: =10700/60 -> 178.33333 | BB14: 52.5 | BC14: =BA14*BB14*60/1000000 -> 0.56175 | BD14: =17*24 -> 408 | BE14: =BC14*BD14 -> 229.194 | BF14: 2/12/2019 | BG14: 120.1 | BJ14: =10700/60 -> 178.33333 | BK14: 52.5 | BL14: =BJ14*BK14*60/1000000 -> 0.56175 | BM14: =31*24-48 -> 696 | BN14: =BL14*BM14 -> 390.978 | BO14: 2/12/2019 | BP14: 120.1 | BS14: =10700/60 -> 178.33333 | BT14: 52.5 | BU14: =BS14*BT14*60/1000000 -> 0.56175 | BV14: 0 | BW14: =BU14*BV14 -> 0 | BX14: 2/12/2019 | BY14: 120.1 | CB14: =10700/60 -> 178.33333 | CC14: 52.5 | CD14: =CB14*CC14*60/1000000 -> 0.56175 | CE14: 0 | CF14: =CD14*CE14 -> 0 | CG14: 2/12/2019 | CH14: 120.1 | CK14: =10700/60 -> 178.33333 | CL14: 52.5 | CM14: =CK14*CL14*60/1000000 -> 0.56175 | CN14: 0 | CO14: =CM14*CN14 -> 0 | CP14: 2/12/2019 | CQ14: 120.1 | CT14: =10700/60 -> 178.33333 | CU14: 52.5 | CV14: =CT14*CU14*60/1000000 -> 0.56175 | CW14: 0 | CX14: =CV14*CW14 -> 0 | CY14: 2/12/2019 | CZ14: 120.1 | DC14: =10700/60 -> 178.33333 | DD14: 52.5 | DE14: =DC14*DD14*60/1000000 -> 0.56175 | DF14: 0 | DG14: =DE14*DF14 -> 0
A15: Ống khói lò nung men số 6 | C15: 0.8 | D15: 2/12/2019 | E15: 117.5 | H15: =10560/60 -> 176 | I15: 53 | J15: =H15*I15*60/1000000 -> 0.55968 | K15: =17*24+16 -> 424 | L15: =J15*K15 -> 237.30432 | M15: 2/12/2019 | N15: 117.5 | Q15: =10560/60 -> 176 | R15: 53 | S15: =Q15*R15*60/1000000 -> 0.55968 | T15: 0 | U15: =S15*T15 -> 0 | V15: 2/12/2019 | W15: 117.5 | Z15: =10560/60 -> 176 | AA15: 53 | AB15: =Z15*AA15*60/1000000 -> 0.55968 | AC15: =25*24 -> 600 | AD15: =AB15*AC15 -> 335.808 | AE15: 2/12/2019 | AF15: 117.5 | AI15: =10560/60 -> 176 | AJ15: 53 | AK15: =AI15*AJ15*60/1000000 -> 0.55968 | AL15: =30*24 -> 720 | AM15: =AK15*AL15 -> 402.9696 | AN15: 2/12/2019 | AO15: 117.5 | AR15: =10560/60 -> 176 | AS15: 53 | AT15: =AR15*AS15*60/1000000 -> 0.55968 | AU15: =31*24 -> 744 | AV15: =AT15*AU15 -> 416.40192 | AW15: 8/6/2020 | AX15: 109.3 | BA15: =10560/60 -> 176 | BB15: 45.8 | BC15: =BA15*BB15*60/1000000 -> 0.483648 | BD15: =30*24 -> 720 | BE15: =BC15*BD15 -> 348.22656 | BF15: 8/6/2020 | BG15: 109.3 | BJ15: =10560/60 -> 176 | BK15: 45.8 | BL15: =BJ15*BK15*60/1000000 -> 0.483648 | BM15: =31*24 -> 744 | BN15: =BL15*BM15 -> 359.83411 | BO15: 8/6/2020 | BP15: 109.3 | BS15: =10560/60 -> 176 | BT15: 45.8 | BU15: =BS15*BT15*60/1000000 -> 0.483648 | BV15: =31*24 -> 744 | BW15: =BU15*BV15 -> 359.83411 | BX15: 8/6/2020 | BY15: 109.3 | CB15: =10560/60 -> 176 | CC15: 45.8 | CD15: =CB15*CC15*60/1000000 -> 0.483648 | CE15: =30*24 -> 720 | CF15: =CD15*CE15 -> 348.22656 | CG15: 8/6/2020 | CH15: 109.3 | CK15: =10560/60 -> 176 | CL15: 45.8 | CM15: =CK15*CL15*60/1000000 -> 0.483648 | CN15: =31*24 -> 744 | CO15: =CM15*CN15 -> 359.83411 | CP15: 8/6/2020 | CQ15: 109.3 | CT15: =10560/60 -> 176 | CU15: 45.8 | CV15: =CT15*CU15*60/1000000 -> 0.483648 | CW15: =30*24 -> 720 | CX15: =CV15*CW15 -> 348.22656 | CY15: 8/6/2020 | CZ15: 109.3 | DC15: =10560/60 -> 176 | DD15: 45.8 | DE15: =DC15*DD15*60/1000000 -> 0.483648 | DF15: =31*24 -> 744 | DG15: =DE15*DF15 -> 359.83411
J16: =H16*I16*60/1000000 -> 0 | L16: =J16*K16 -> 0 | S16: =Q16*R16*60/1000000 -> 0 | U16: =S16*T16 -> 0 | AB16: =Z16*AA16*60/1000000 -> 0 | AD16: =AB16*AC16 -> 0 | AK16: =AI16*AJ16*60/1000000 -> 0 | AM16: =AK16*AL16 -> 0 | AT16: =AR16*AS16*60/1000000 -> 0 | AV16: =AT16*AU16 -> 0 | BC16: =BA16*BB16*60/1000000 -> 0 | BE16: =BC16*BD16 -> 0 | BL16: =BJ16*BK16*60/1000000 -> 0 | BN16: =BL16*BM16 -> 0 | BU16: =BS16*BT16*60/1000000 -> 0 | BW16: =BU16*BV16 -> 0 | CD16: =CB16*CC16*60/1000000 -> 0 | CF16: =CD16*CE16 -> 0 | CK16: =((PI()*($C16^2))/4*CJ16*60) -> 0 | CM16: =CK16*CL16*60/1000000 -> 0 | CO16: =CM16*CN16 -> 0 | CT16: =((PI()*($C16^2))/4*CS16*60) -> 0 | CV16: =CT16*CU16*60/1000000 -> 0 | CX16: =CV16*CW16 -> 0 | DC16: =((PI()*($C16^2))/4*DB16*60) -> 0 | DE16: =DC16*DD16*60/1000000 -> 0 | DG16: =DE16*DF16 -> 0
A17: Total Dust Emission (kg) | L17: =SUM(L5:L16) -> 4965.5337 | U17: =SUM(U5:U16) -> 2745.7245 | AD17: =SUM(AD5:AD16) -> 7756.6824 | AM17: =SUM(AM5:AM16) -> 8161.8255 | AV17: =SUM(AV5:AV16) -> 8392.046 | BE17: =SUM(BE5:BE16) -> 7431.4864 | BN17: =SUM(BN5:BN16) -> 8198.7767 | BW17: =SUM(BW5:BW16) -> 7231.8217 | CF17: =SUM(CF5:CF16) -> 6486.6859 | CO17: =SUM(CO5:CO16) -> 5666.7727 | CX17: =SUM(CX5:CX16) -> 6174.4373 | DG17: =SUM(DG5:DG16) -> 6742.7916 | DH17: =L17+U17+AD17+AM17+AV17+BE17+BN17+BW17+CF17+CO17+CX17+DG17 -> 79954.584 | DI17: =L17+U17+AD17 -> 15467.941 | DJ17: =AM17+AV17+BE17 -> 23985.358 | DK17: =BN17+BW17+CF17 -> 21917.284 | DL17: =CO17+CX17+DG17 -> 18584.002
A18: Specific Dust Emission (g/ton) | L18: =L17*1000/'[2]Production, Raw Mat'!C$3 -> 516.70857 | U18: =U17/'Production, Raw Mat'!D5*1000 -> 435.13301 | AD18: =AD17/'Production, Raw Mat'!E5*1000 -> 437.41578 | AM18: =AM17/'Production, Raw Mat'!F5*1000 -> 516.71986 | AV18: =AV17/'Production, Raw Mat'!G5*1000 -> 521.51071 | BE18: =BE17/'Production, Raw Mat'!H5*1000 -> 452.91804 | BN18: =BN17/'Production, Raw Mat'!I5*1000 -> 444.27403 | BW18: =BW17/'Production, Raw Mat'!J5*1000 -> 446.97077 | CF18: =CF17/'Production, Raw Mat'!K5*1000 -> 534.46601 | CO18: =CO17/'Production, Raw Mat'!L5*1000 -> 454.62053 | CX18: =Emission!CX17/'Production, Raw Mat'!M3*1000 -> 501.00328 | DG18: =DG17/'Production, Raw Mat'!N5*1000 -> 421.32083 | DH18: =DH17*1000/'[2]Production, Raw Mat'!O$5 -> 8319.9957 | DI18: =DI17*1000/'[2]Production, Raw Mat'!P$5 -> 1609.5787 | DJ18: =DJ17*1000/'[2]Production, Raw Mat'!Q$5 -> #DIV/0! | DK18: =DK17*1000/'[2]Production, Raw Mat'!R$5 -> #DIV/0! | DL18: =DL17*1000/'[2]Production, Raw Mat'!S$5 -> #DIV/0!
A20: Sox/ Khí Sox | D20: Jan | M20: Feb | V20: Mar | AE20: Apr | AN20: May | AW20: Jun | BF20: Jul | BO20: Aug | BX20: Sep | CG20: Oct | CP20: Nov | CY20: Dec | DH20: YTD | DI20: Q1 | DJ20: Q2 | DK20: Q3 | DL20: Q4
A21: Stack No. | B21: Process | C21: Diameter | D21: Sampling (Month/Year) | E21: Stack Temperature | F21: %Oxygen | G21: Gas Velocity | H21: Flow rate | I21: SOx Emission Actual O2 | J21: SOx Emission rate | K21: Operation Hour | L21: SOx Emission | M21: Sampling (Month/Year) | N21: Stack Temperature | O21: %Oxygen | P21: Gas Velocity | Q21: Flow rate | R21: SOx Emission Actual O2 | S21: SOx Emission rate | T21: Operation Hour | U21: SOx Emission | V21: Sampling (Month/Year) | W21: Stack Temperature | X21: %Oxygen | Y21: Gas Velocity | Z21: Flow rate | AA21: SOx Emission Actual O2 | AB21: SOx Emission rate | AC21: Operation Hour | AD21: SOx Emission | AE21: Sampling (Month/Year) | AF21: Stack Temperature | AG21: %Oxygen | AH21: Gas Velocity | AI21: Flow rate | AJ21: SOx Emission Actual O2 | AK21: SOx Emission rate | AL21: Operation Hour | AM21: SOx Emission | AN21: Sampling (Month/Year) | AO21: Stack Temperature | AP21: %Oxygen | AQ21: Gas Velocity | AR21: Flow rate | AS21: SOx Emission Actual O2 | AT21: SOx Emission rate | AU21: Operation Hour | AV21: SOx Emission | AW21: Sampling (Month/Year) | AX21: Stack Temperature | AY21: %Oxygen | AZ21: Gas Velocity | BA21: Flow rate | BB21: SOx Emission Actual O2 | BC21: SOx Emission rate | BD21: Operation Hour | BE21: SOx Emission | BF21: Sampling (Month/Year) | BG21: Stack Temperature | BH21: %Oxygen | BI21: Gas Velocity | BJ21: Flow rate | BK21: SOx Emission Actual O2 | BL21: SOx Emission rate | BM21: Operation Hour | BN21: SOx Emission | BO21: Sampling (Month/Year) | BP21: Stack Temperature | BQ21: %Oxygen | BR21: Gas Velocity | BS21: Flow rate | BT21: SOx Emission Actual O2 | BU21: SOx Emission rate | BV21: Operation Hour | BW21: SOx Emission | BX21: Sampling (Month/Year) | BY21: Stack Temperature | BZ21: %Oxygen | CA21: Gas Velocity | CB21: Flow rate | CC21: SOx Emission Actual O2 | CD21: SOx Emission rate | CE21: Operation Hour | CF21: SOx Emission | CG21: Sampling (Month/Year) | CH21: Stack Temperature | CI21: %Oxygen | CJ21: Gas Velocity | CK21: Flow rate | CL21: SOx Emission Actual O2 | CM21: SOx Emission rate | CN21: Operation Hour | CO21: SOx Emission | CP21: Sampling (Month/Year) | CQ21: Stack Temperature | CR21: %Oxygen | CS21: Gas Velocity | CT21: Flow rate | CU21: SOx Emission Actual O2 | CV21: SOx Emission rate | CW21: Operation Hour | CX21: SOx Emission | CY21: Sampling (Month/Year) | CZ21: Stack Temperature | DA21: %Oxygen | DB21: Gas Velocity | DC21: Flow rate | DD21: SOx Emission Actual O2 | DE21: SOx Emission rate | DF21: Operation Hour | DG21: SOx Emission
C22: m | D22: MM/YYYY | E22: ๐C | F22: % | G22: m/s | H22: m3/min | I22: mg/m3 | J22: kg/hr | K22: hr | L22: kg | M22: MM/YYYY | N22: ๐C | O22: % | P22: m/s | Q22: m3/min | R22: mg/m3 | S22: kg/hr | T22: hr | U22: kg | V22: MM/YYYY | W22: ๐C | X22: % | Y22: m/s | Z22: m3/min | AA22: mg/m3 | AB22: kg/hr | AC22: hr | AD22: kg | AE22: MM/YYYY | AF22: ๐C | AG22: % | AH22: m/s | AI22: m3/min | AJ22: mg/m3 | AK22: kg/hr | AL22: hr | AM22: kg | AN22: MM/YYYY | AO22: ๐C | AP22: % | AQ22: m/s | AR22: m3/min | AS22: mg/m3 | AT22: kg/hr | AU22: hr | AV22: kg | AW22: MM/YYYY | AX22: ๐C | AY22: % | AZ22: m/s | BA22: m3/min | BB22: mg/m3 | BC22: kg/hr | BD22: hr | BE22: kg | BF22: MM/YYYY | BG22: ๐C | BH22: % | BI22: m/s | BJ22: m3/min | BK22: mg/m3 | BL22: kg/hr | BM22: hr | BN22: kg | BO22: MM/YYYY | BP22: ๐C | BQ22: % | BR22: m/s | BS22: m3/min | BT22: mg/m3 | BU22: kg/hr | BV22: hr | BW22: kg | BX22: MM/YYYY | BY22: ๐C | BZ22: % | CA22: m/s | CB22: m3/min | CC22: mg/m3 | CD22: kg/hr | CE22: hr | CF22: kg | CG22: MM/YYYY | CH22: ๐C | CI22: % | CJ22: m/s | CK22: m3/min | CL22: mg/m3 | CM22: kg/hr | CN22: hr | CO22: kg | CP22: MM/YYYY | CQ22: ๐C | CR22: % | CS22: m/s | CT22: m3/min | CU22: mg/m3 | CV22: kg/hr | CW22: hr | CX22: kg | CY22: MM/YYYY | CZ22: ๐C | DA22: % | DB22: m/s | DC22: m3/min | DD22: mg/m3 | DE22: kg/hr | DF22: hr | DG22: kg
A23: Sấy phun 1 | C23: =130/100 -> 1.3 | D23: 2/12/2019 | E23: 84.3 | H23: =85000/60 -> 1416.6667 | I23: 15.72 | J23: =H23*(I23)*60/1000000 -> 1.3362 | K23: =19*24-4 -> 452 | L23: =J23*K23 -> 603.9624 | M23: 2/12/2019 | N23: 84.3 | Q23: =85000/60 -> 1416.6667 | R23: 15.72 | S23: =Q23*(R23)*60/1000000 -> 1.3362 | T23: 0 | U23: =S23*T23 -> 0 | V23: 2/12/2019 | W23: 84.3 | Z23: =85000/60 -> 1416.6667 | AA23: 15.72 | AB23: =Z23*(AA23)*60/1000000 -> 1.3362 | AC23: =27*24-55 -> 593 | AD23: =AB23*AC23 -> 792.3666 | AE23: 3/4/2020 | AF23: 82.3 | AI23: =85000/60 -> 1416.6667 | AJ23: 18 | AK23: =AI23*(AJ23)*60/1000000 -> 1.53 | AL23: =30*24-49 -> 671 | AM23: =AK23*AL23 -> 1026.63 | AN23: 3/4/2020 | AO23: 82.3 | AR23: =85000/60 -> 1416.6667 | AS23: 18 | AT23: =AR23*(AS23)*60/1000000 -> 1.53 | AU23: =31*24-55 -> 689 | AV23: =AT23*AU23 -> 1054.17 | AW23: 8/6/2020 | AX23: 95.5 | BA23: =85000/60 -> 1416.6667 | BB23: 92.2 | BC23: =BA23*(BB23)*60/1000000 -> 7.837 | BD23: =30*24-47 -> 673 | BE23: =BC23*BD23 -> 5274.301 | BF23: 8/6/2020 | BG23: 95.5 | BJ23: =85000/60 -> 1416.6667 | BK23: 92.2 | BL23: =BJ23*(BK23)*60/1000000 -> 7.837 | BM23: =31*24-30 -> 714 | BN23: =BL23*BM23 -> 5595.618 | BO23: 8/6/2020 | BP23: 95.5 | BS23: =85000/60 -> 1416.6667 | BT23: 92.2 | BU23: =BS23*(BT23)*60/1000000 -> 7.837 | BV23: =31*24-107 -> 637 | BW23: =BU23*BV23 -> 4992.169 | BX23: 8/6/2020 | BY23: 95.5 | CB23: =85000/60 -> 1416.6667 | CC23: 92.2 | CD23: =CB23*(CC23)*60/1000000 -> 7.837 | CE23: =30*24-254 -> 466 | CF23: =CD23*CE23 -> 3652.042 | CG23: 20/8/2020 | CH23: 96.2 | CK23: =85000/60 -> 1416.6667 | CL23: 94.2 | CM23: =CK23*(CL23)*60/1000000 -> 8.007 | CN23: =31*24-64 -> 680 | CO23: =CM23*CN23 -> 5444.76 | CP23: 20/8/2020 | CQ23: 96.2 | CT23: =85000/60 -> 1416.6667 | CU23: 94.2 | CV23: =CT23*(CU23)*60/1000000 -> 8.007 | CW23: =31*24-61 -> 683 | CX23: =CV23*CW23 -> 5468.781 | CY23: 20/8/2020 | CZ23: 96.2 | DC23: =85000/60 -> 1416.6667 | DD23: 94.2 | DE23: =DC23*(DD23)*60/1000000 -> 8.007 | DF23: =31*24-84 -> 660 | DG23: =DE23*DF23 -> 5284.62
A24: Sấy phun 2 | C24: =130/100 -> 1.3 | D24: 2/12/2019 | E24: 87.1 | H24: =85000/60 -> 1416.6667 | I24: 18.34 | J24: =H24*(I24)*60/1000000 -> 1.5589 | K24: =19*24-56 -> 400 | L24: =J24*K24 -> 623.56 | M24: 2/12/2019 | N24: 87.1 | Q24: =85000/60 -> 1416.6667 | R24: 18.34 | S24: =Q24*(R24)*60/1000000 -> 1.5589 | T24: 424 | U24: =S24*T24 -> 660.9736 | V24: 2/12/2019 | W24: 87.1 | Z24: =85000/60 -> 1416.6667 | AA24: 18.34 | AB24: =Z24*(AA24)*60/1000000 -> 1.5589 | AC24: =31*24-90 -> 654 | AD24: =AB24*AC24 -> 1019.5206 | AE24: 3/4/2020 | AF24: 71.9 | AI24: =85000/60 -> 1416.6667 | AJ24: 16.2 | AK24: =AI24*(AJ24)*60/1000000 -> 1.377 | AL24: =30*24-245 -> 475 | AM24: =AK24*AL24 -> 654.075 | AN24: 3/4/2020 | AO24: 71.9 | AR24: =85000/60 -> 1416.6667 | AS24: 16.2 | AT24: =AR24*(AS24)*60/1000000 -> 1.377 | AU24: =31*24-244.3 -> 499.7 | AV24: =AT24*AU24 -> 688.0869 | AW24: 8/6/2020 | AX24: 94.1 | BA24: =85000/60 -> 1416.6667 | BB24: 93.6 | BC24: =BA24*(BB24)*60/1000000 -> 7.956 | BD24: =30*24-206.4 -> 513.6 | BE24: =BC24*BD24 -> 4086.2016 | BF24: 8/6/2020 | BG24: 94.1 | BJ24: =85000/60 -> 1416.6667 | BK24: 93.6 | BL24: =BJ24*(BK24)*60/1000000 -> 7.956 | BM24: =31*24-133 -> 611 | BN24: =BL24*BM24 -> 4861.116 | BO24: 8/6/2020 | BP24: 94.1 | BS24: =85000/60 -> 1416.6667 | BT24: 93.6 | BU24: =BS24*(BT24)*60/1000000 -> 7.956 | BV24: =31*24-213 -> 531 | BW24: =BU24*BV24 -> 4224.636 | BX24: 8/6/2020 | BY24: 94.1 | CB24: =85000/60 -> 1416.6667 | CC24: 93.6 | CD24: =CB24*(CC24)*60/1000000 -> 7.956 | CE24: =30*24-99 -> 621 | CF24: =CD24*CE24 -> 4940.676 | CG24: 20/8/2020 | CH24: 95.1 | CK24: =85000/60 -> 1416.6667 | CL24: 94.7 | CM24: =CK24*(CL24)*60/1000000 -> 8.0495 | CN24: =31*24-544 -> 200 | CO24: =CM24*CN24 -> 1609.9 | CP24: 20/8/2020 | CQ24: 95.1 | CT24: =85000/60 -> 1416.6667 | CU24: 94.7 | CV24: =CT24*(CU24)*60/1000000 -> 8.0495 | CW24: =30*24-360 -> 360 | CX24: =CV24*CW24 -> 2897.82 | CY24: 20/8/2020 | CZ24: 95.1 | DC24: =85000/60 -> 1416.6667 | DD24: 94.7 | DE24: =DC24*(DD24)*60/1000000 -> 8.0495 | DF24: =31*24-308 -> 436 | DG24: =DE24*DF24 -> 3509.582
A25: Ống khói lò nung xương 1,2 | C25: 0.8 | D25: 2/12/2019 | E25: 153.2 | H25: =10400/60 -> 173.33333 | I25: 83.84 | J25: =H25*(I25)*60/1000000 -> 0.871936 | K25: =16*24 -> 384 | L25: =J25*K25 -> 334.82342 | M25: 2/12/2019 | N25: 153.2 | Q25: =10400/60 -> 173.33333 | R25: 83.84 | S25: =Q25*(R25)*60/1000000 -> 0.871936 | T25: =13*24+16 -> 328 | U25: =S25*T25 -> 285.99501 | V25: 2/12/2019 | W25: 153.2 | Z25: =10400/60 -> 173.33333 | AA25: 83.84 | AB25: =Z25*(AA25)*60/1000000 -> 0.871936 | AC25: =31*24 -> 744 | AD25: =AB25*AC25 -> 648.72038 | AE25: 3/4/2020 | AF25: 130 | AI25: =10900/60 -> 181.66667 | AJ25: 89.1 | AK25: =AI25*(AJ25)*60/1000000 -> 0.97119 | AL25: =30*24 -> 720 | AM25: =AK25*AL25 -> 699.2568 | AN25: 3/4/2020 | AO25: 130 | AR25: =10900/60 -> 181.66667 | AS25: 89.1 | AT25: =AR25*(AS25)*60/1000000 -> 0.97119 | AU25: =31*24 -> 744 | AV25: =AT25*AU25 -> 722.56536 | AW25: 8/6/2020 | AX25: 119.3 | BA25: =10900/60 -> 181.66667 | BB25: 91.7 | BC25: =BA25*(BB25)*60/1000000 -> 0.99953 | BD25: =30*24 -> 720 | BE25: =BC25*BD25 -> 719.6616 | BF25: 8/6/2020 | BG25: 119.3 | BJ25: =10900/60 -> 181.66667 | BK25: 91.7 | BL25: =BJ25*(BK25)*60/1000000 -> 0.99953 | BM25: =31*24 -> 744 | BN25: =BL25*BM25 -> 743.65032 | BO25: 8/6/2020 | BP25: 119.3 | BS25: =10900/60 -> 181.66667 | BT25: 91.7 | BU25: =BS25*(BT25)*60/1000000 -> 0.99953 | BV25: =31*24 -> 744 | BW25: =BU25*BV25 -> 743.65032 | BX25: 8/6/2020 | BY25: 119.3 | CB25: =10900/60 -> 181.66667 | CC25: 91.7 | CD25: =CB25*(CC25)*60/1000000 -> 0.99953 | CE25: =30*24 -> 720 | CF25: =CD25*CE25 -> 719.6616 | CG25: 20/8/2020 | CH25: 121.5 | CK25: =9240/60 -> 154 | CL25: 92.4 | CM25: =CK25*(CL25)*60/1000000 -> 0.853776 | CN25: =31*24 -> 744 | CO25: =CM25*CN25 -> 635.20934 | CP25: 20/8/2020 | CQ25: 121.5 | CT25: =9240/60 -> 154 | CU25: 92.4 | CV25: =CT25*(CU25)*60/1000000 -> 0.853776 | CW25: =30*24 -> 720 | CX25: =CV25*CW25 -> 614.71872 | CY25: 20/8/2020 | CZ25: 121.5 | DC25: =9240/60 -> 154 | DD25: 92.4 | DE25: =DC25*(DD25)*60/1000000 -> 0.853776 | DF25: =31*24 -> 744 | DG25: =DE25*DF25 -> 635.20934
A26: Ống khói lò nung xương 3,4 | C26: 0.8 | D26: 2/12/2019 | E26: 159.1 | H26: =11300/60 -> 188.33333 | I26: 84.71 | J26: =H26*(I26)*60/1000000 -> 0.957223 | K26: =17*24+8 -> 416 | L26: =J26*K26 -> 398.20477 | M26: 2/12/2019 | N26: 159.1 | Q26: =11300/60 -> 188.33333 | R26: 84.71 | S26: =Q26*(R26)*60/1000000 -> 0.957223 | T26: =18*24+16 -> 448 | U26: =S26*T26 -> 428.8359 | V26: 2/12/2019 | W26: 159.1 | Z26: =11300/60 -> 188.33333 | AA26: 84.71 | AB26: =Z26*(AA26)*60/1000000 -> 0.957223 | AC26: =31*24 -> 744 | AD26: =AB26*AC26 -> 712.17391 | AE26: 3/4/2020 | AF26: 120.1 | AI26: =11200/60 -> 186.66667 | AJ26: 83.3 | AK26: =AI26*(AJ26)*60/1000000 -> 0.93296 | AL26: =30*24 -> 720 | AM26: =AK26*AL26 -> 671.7312 | AN26: 3/4/2020 | AO26: 120.1 | AR26: =11200/60 -> 186.66667 | AS26: 83.3 | AT26: =AR26*(AS26)*60/1000000 -> 0.93296 | AU26: =31*24 -> 744 | AV26: =AT26*AU26 -> 694.12224 | AW26: 8/6/2020 | AX26: 120.6 | BA26: =11200/60 -> 186.66667 | BB26: 95.3 | BC26: =BA26*(BB26)*60/1000000 -> 1.06736 | BD26: =30*24 -> 720 | BE26: =BC26*BD26 -> 768.4992 | BF26: 8/6/2020 | BG26: 120.6 | BJ26: =11200/60 -> 186.66667 | BK26: 95.3 | BL26: =BJ26*(BK26)*60/1000000 -> 1.06736 | BM26: =31*24 -> 744 | BN26: =BL26*BM26 -> 794.11584 | BO26: 8/6/2020 | BP26: 120.6 | BS26: =11200/60 -> 186.66667 | BT26: 95.3 | BU26: =BS26*(BT26)*60/1000000 -> 1.06736 | BV26: =31*24 -> 744 | BW26: =BU26*BV26 -> 794.11584 | BX26: 8/6/2020 | BY26: 120.6 | CB26: =11200/60 -> 186.66667 | CC26: 95.3 | CD26: =CB26*(CC26)*60/1000000 -> 1.06736 | CE26: =30*24 -> 720 | CF26: =CD26*CE26 -> 768.4992 | CG26: 20/8/2020 | CH26: 122.7 | CK26: =9500/60 -> 158.33333 | CL26: 96.1 | CM26: =CK26*(CL26)*60/1000000 -> 0.91295 | CN26: =31*24 -> 744 | CO26: =CM26*CN26 -> 679.2348 | CP26: 20/8/2020 | CQ26: 122.7 | CT26: =9500/60 -> 158.33333 | CU26: 96.1 | CV26: =CT26*(CU26)*60/1000000 -> 0.91295 | CW26: =30*24 -> 720 | CX26: =CV26*CW26 -> 657.324 | CY26: 20/8/2020 | CZ26: 122.7 | DC26: =9500/60 -> 158.33333 | DD26: 96.1 | DE26: =DC26*(DD26)*60/1000000 -> 0.91295 | DF26: =31*24 -> 744 | DG26: =DE26*DF26 -> 679.2348
A27: Ống khói lò nung xương 5,6 | C27: 0.8 | D27: 2/12/2019 | E27: 146.5 | H27: =10530/60 -> 175.5 | I27: 80.19 | J27: =H27*(I27)*60/1000000 -> 0.8444007 | K27: =17*24+16 -> 424 | L27: =J27*K27 -> 358.0259 | M27: 2/12/2019 | N27: 146.5 | Q27: =10530/60 -> 175.5 | R27: 80.19 | S27: =Q27*(R27)*60/1000000 -> 0.8444007 | T27: 0 | U27: =S27*T27 -> 0 | V27: 2/12/2019 | W27: 146.5 | Z27: =10530/60 -> 175.5 | AA27: 80.19 | AB27: =Z27*(AA27)*60/1000000 -> 0.8444007 | AC27: =26*24 -> 624 | AD27: =AB27*AC27 -> 526.90604 | AE27: 3/4/2020 | AF27: 145.9 | AI27: =10500/60 -> 175 | AJ27: 91.2 | AK27: =AI27*(AJ27)*60/1000000 -> 0.9576 | AL27: =30*24 -> 720 | AM27: =AK27*AL27 -> 689.472 | AN27: 3/4/2020 | AO27: 145.9 | AR27: =10500/60 -> 175 | AS27: 91.2 | AT27: =AR27*(AS27)*60/1000000 -> 0.9576 | AU27: =31*24 -> 744 | AV27: =AT27*AU27 -> 712.4544 | AW27: 8/6/2020 | AX27: 117.5 | BA27: =10500/60 -> 175 | BB27: 92.7 | BC27: =BA27*(BB27)*60/1000000 -> 0.97335 | BD27: =30*24 -> 720 | BE27: =BC27*BD27 -> 700.812 | BF27: 8/6/2020 | BG27: 117.5 | BJ27: =10500/60 -> 175 | BK27: 92.7 | BL27: =BJ27*(BK27)*60/1000000 -> 0.97335 | BM27: =31*24 -> 744 | BN27: =BL27*BM27 -> 724.1724 | BO27: 8/6/2020 | BP27: 117.5 | BS27: =10500/60 -> 175 | BT27: 92.7 | BU27: =BS27*(BT27)*60/1000000 -> 0.97335 | BV27: =31*24 -> 744 | BW27: =BU27*BV27 -> 724.1724 | BX27: 8/6/2020 | BY27: 117.5 | CB27: =10500/60 -> 175 | CC27: 92.7 | CD27: =CB27*(CC27)*60/1000000 -> 0.97335 | CE27: =30*24 -> 720 | CF27: =CD27*CE27 -> 700.812 | CG27: 20/8/2020 | CH27: 118.6 | CK27: =11650/60 -> 194.16667 | CL27: 93.8 | CM27: =CK27*(CL27)*60/1000000 -> 1.09277 | CN27: =31*24 -> 744 | CO27: =CM27*CN27 -> 813.02088 | CP27: 20/8/2020 | CQ27: 118.6 | CT27: =11650/60 -> 194.16667 | CU27: 93.8 | CV27: =CT27*(CU27)*60/1000000 -> 1.09277 | CW27: =30*24 -> 720 | CX27: =CV27*CW27 -> 786.7944 | CY27: 20/8/2020 | CZ27: 118.6 | DC27: =11650/60 -> 194.16667 | DD27: 93.8 | DE27: =DC27*(DD27)*60/1000000 -> 1.09277 | DF27: =31*24 -> 744 | DG27: =DE27*DF27 -> 813.02088
